policy_id,policy_name,country,region,policy_type,policy_subtype,mineral_scope,stage,policy_strength,time_start,time_end,risk_score,impact_score,relevance_score,catl_risk_dimension,risk_direction,source_system,source_name,source_url,data_quality_score,last_updated
policy_france_local_government_fleet_renewal_mandate_2025,Local Government fleet renewal mandate,France,Europe,unknown,unknown,unknown,general_policy,unknown,2025,,,0.4,0.35,policy_compliance,neutral,IEA,IEA Policies Database,http://www.ieahev.org/assets/1/7/2016_IA-HEV_BOOK_web_(1).pdf,0.8999999999999999,2026-06-14
policy_united_kingdom_plug_in_vehicle_grants_2025,Plug-in vehicle grants,United Kingdom,Europe,tax_royalty,tax_change,unknown,financing,medium_constraint,2025,,,0.7,0.35,procurement_cost;valuation_impact,restrictive,IEA,IEA Policies Database,https://www.gov.uk/government/news/120-million-to-roll-out-more-electric-vans-taxis-and-motorbikes,0.9999999999999999,2026-06-14
policy_israel_resolution_286_on_pricing_of_greenhouse_gas_emissions_2025,Resolution 286 on pricing of greenhouse gas emissions,Israel,Other,tax_royalty,tax_change,unknown,general_policy,medium_constraint,2025,,,0.7,0.35,procurement_cost;valuation_impact,restrictive,IEA,IEA Policies Database,https://www.gov.il/he/departments/policies/dec286_2021,0.9999999999999999,2026-06-14
policy_israel_climate_law_2023_2030,Climate Law 2023,Israel,Other,environment_policy,unknown,unknown,general_policy,medium_constraint,2030,,,0.7,0.35,project_schedule;policy_compliance,restrictive,IEA,IEA Policies Database,https://www.gov.il/he/Departments/news/minister_silman_climate_law_to_ministries_comments,0.9999999999999999,2026-06-14
policy_australia_the_foreign_investment_review_framework_2026,The Foreign Investment Review Framework,Australia,Oceania,investment_restriction,foreign_investment_screening,critical_minerals,investment_access,medium_constraint,2026,,,0.7,0.7,investment_access,restrictive,IEA,IEA Policies Database,https://foreigninvestment.gov.au/investing-in-australia/foreign-investment-framework,0.9999999999999999,2026-06-14
policy_japan_gx_green_transformation_policy_carbon_levy_2028,GX: Green Transformation Policy: Carbon Levy,Japan,Other,tax_royalty,unknown,unknown,general_policy,hard_constraint,2028,,,0.9,0.35,procurement_cost;valuation_impact,restrictive,IEA,IEA Policies Database,https://www.meti.go.jp/press/2022/02/20230210002/20230210002_1.pdf,0.9999999999999999,2026-06-14
policy_indonesia_under_discussion_2025_local_content_requirements_for_electricity_infrastructure_projects_2025,[UNDER DISCUSSION] 2025 local content requirements for electricity infrastructure projects,Indonesia,Asia,unknown,unknown,unknown,general_policy,unknown,2025,,,0.4,0.35,policy_compliance,neutral,IEA,IEA Policies Database,https://www.makarim.com/news/switching-off-local-content-requirements-for-electricity-infrastructure,0.8999999999999999,2026-06-14
policy_united_states_greenhouse_gas_emissions_standards_for_heavy_duty_engines_and_vehicles_phase_3_2027,Greenhouse Gas Emissions Standards for Heavy-Duty Engines and Vehicles-Phase 3,United States,North America,environment_policy,unknown,unknown,general_policy,medium_constraint,2027,,,0.7,0.35,project_schedule;policy_compliance,restrictive,IEA,IEA Policies Database,https://www.epa.gov/regulations-emissions-vehicles-and-engines/final-rule-greenhouse-gas-emissions-standards-heavy-duty,0.9999999999999999,2026-06-14
policy_australia_future_made_in_australia_act_2025_2025,Future Made in Australia Act 2025,Australia,Oceania,tax_royalty,tax_change,critical_minerals,refining,hard_constraint,2025,,,0.9,0.7,procurement_cost;valuation_impact,restrictive,IEA,IEA Policies Database,https://www.legislation.gov.au/C2025A00009/asmade/text,0.9999999999999999,2026-06-14
policy_brazil_bndes_and_finep_usd_815_million_fund_for_strategic_minerals_projects_2025,BNDES and Finep USD 815 million fund for strategic minerals projects,Brazil,South America,unknown,unknown,lithium,general_policy,hard_constraint,2025,,,0.9,0.9,policy_compliance,neutral,IEA,IEA Policies Database,https://www.bndes.gov.br/wps/portal/site/home/desenvolvimento-sustentavel/parcerias/!ut/p/z1/fY5NT8MwDIbv_RW57Bi5-xDjOpAoAiQ0xKHNZfIys3k0cZekFT-fMBUQHHbx-0p-HstgCqWKAuocuYzjO8F4HHiPicVjCzU05mqzXFe396vF9Km6my_K9ctrdfP4PJtez5bwcBZ__a8Ll416NEb8J6Dh4-lkVmCs-EQfCeqt31HcsI-JU2_PH03KgzialHlBfpB2YEc-iY59TLngQBnpMFgKjFHlhkrUP1r9oe0BHe5Qd_22ZYs6BfTxTYJDi6IdewrIUVPMi0R7thKhezfNJ3M_F6k!/,0.8999999999999999,2026-06-14
policy_korea_special_act_on_national_resource_security_2025,Special Act on National Resource Security,Korea,Other,unknown,unknown,unknown,general_policy,unknown,2025,,,0.4,0.35,policy_compliance,neutral,IEA,IEA Policies Database,https://www.law.go.kr/LSW//lsInfoP.do?lsiSeq=259657&chrClsCd=010202&urlMode=lsInfoP&efYd=20250207&ancYnChk=#0000,0.8999999999999999,2026-06-14
policy_people_s_republic_of_china_announcement_no_10_of_2025_of_the_ministry_of_commerce_2025,Announcement No. 10 of 2025 of the Ministry of Commerce,People's Republic of China,Other,export_control,project_license,unknown,project_approval,hard_constraint,2025,,,0.9,0.35,resource_security,restrictive,IEA,IEA Policies Database,https://www.mofcom.gov.cn/zfxxgk/gkml/art/2025/art_084ded0609404b2d81c746b31c9a03a6.html,0.9999999999999999,2026-06-14
policy_united_states_federal_funding_for_regional_collaboration_on_domestic_critical_minerals_2025,Federal funding for regional collaboration on domestic critical minerals,United States,North America,environment_policy,unknown,critical_minerals,financing,hard_constraint,2025,,,0.9,0.7,project_schedule;policy_compliance,restrictive,IEA,IEA Policies Database,https://www.energy.gov/fecm/funding-notice-regional-scale-collaboration-facilitate-domestic-critical-minerals-future,0.9999999999999999,2026-06-14
policy_malaysia_malaysia_carbon_tax_2026,Malaysia Carbon Tax,Malaysia,Other,tax_royalty,tax_change,unknown,general_policy,medium_constraint,2026,,,0.7,0.35,procurement_cost;valuation_impact,restrictive,IEA,IEA Policies Database,https://www.bharian.com.my/rencana/lain-lain/2024/03/1225263/pertimbang-laksana-cukai-karbon-demi-kelestarian-alam-ekonomi,0.9999999999999999,2026-06-14
policy_india_national_critical_mineral_mission_2025,National Critical Mineral Mission,India,Other,local_processing,local_beneficiation,lithium,processing,medium_constraint,2025,,,0.7,0.9,investment_access;project_schedule,restrictive,IEA,IEA Policies Database,https://mines.gov.in/admin/download/679a0e7c614611738149500.pdf,0.9999999999999999,2026-06-14
policy_united_kingdom_updated_nationally_determined_contribution_2025,Updated Nationally Determined Contribution,United Kingdom,Europe,unknown,unknown,unknown,general_policy,unknown,2025,,,0.4,0.35,policy_compliance,neutral,IEA,IEA Policies Database,https://unfccc.int/sites/default/files/2025-01/UK%27s%202035%20NDC%20ICTU.pdf,0.8999999999999999,2026-06-14
policy_canada_updated_nationally_determined_contribution_2025,Updated Nationally Determined Contribution,Canada,North America,strategic_plan,unknown,unknown,general_policy,soft_policy,2025,,,0.45,0.35,policy_compliance,supportive,IEA,IEA Policies Database,https://unfccc.int/sites/default/files/2025-02/Canada%27s%202035%20Nationally%20Determined%20Contribution_ENc.pdf,0.9999999999999999,2026-06-14
policy_argentina_resolution_67_2025_gba_storage_almagba_2025,Resolution 67/2025 - GBA Storage - AlmaGBA,Argentina,South America,unknown,unknown,unknown,general_policy,unknown,2025,,,0.4,0.35,policy_compliance,neutral,IEA,IEA Policies Database,https://www.argentina.gob.ar/noticias/argentina-inicia-modernizacion-electrica-historica-en-amba-y-convoca-las-provincias,0.8999999999999999,2026-06-14
policy_chile_call_for_tenders_electrical_energy_storage_systems_2026,Call for tenders - Electrical energy storage systems,Chile,South America,unknown,unknown,unknown,general_policy,unknown,2026,,,0.4,0.35,policy_compliance,neutral,IEA,IEA Policies Database,https://www.gob.cl/noticias/inaguramos-la-planta-la-planta-de-almacenamiento-energetico-mas-grande-de-latinoamerica/,0.8999999999999999,2026-06-14
policy_australia_australia_nrfc_investment_commitment_in_rare_earths_project_2025,Australia NRFC investment commitment in rare earths project,Australia,Oceania,subsidy_support,unknown,unknown,financing,support_policy,2025,,,0.35,0.35,supply_stability,supportive,IEA,IEA Policies Database,https://www.nrf.gov.au/our-investments/arafura-rare-earths-limited-0,0.9999999999999999,2026-06-14
policy_saudi_arabia_saudi_electricity_company_battery_energy_storage_systems_awards_2025,Saudi Electricity Company Battery Energy Storage Systems Awards,Saudi Arabia,Other,unknown,unknown,unknown,general_policy,unknown,2025,,,0.4,0.35,policy_compliance,neutral,IEA,IEA Policies Database,https://www.saudigulfprojects.com/2025/01/saudi-arabia-awards-10500mwh-battery-energy-storage-system-contracts/,0.8999999999999999,2026-06-14
policy_morocco_finance_law_2025_carbon_tax_2026,Finance Law 2025 - Carbon tax,Morocco,Other,tax_royalty,tax_change,unknown,general_policy,medium_constraint,2026,,,0.7,0.35,procurement_cost;valuation_impact,restrictive,IEA,IEA Policies Database,https://leseco.ma/business/taxe-carbone-le-maroc-veut-verdir-son-economie-sans-sacrifier-sa-competitivite.html,0.9999999999999999,2026-06-14
policy_thailand_draft_ministerial_regulation_on_excise_tax_rates_carbon_pricing_on_petroleum_products_2025,Draft Ministerial Regulation on Excise Tax Rates - carbon pricing on petroleum products,Thailand,Other,tax_royalty,tax_change,unknown,general_policy,medium_constraint,2025,,,0.7,0.35,procurement_cost;valuation_impact,restrictive,IEA,IEA Policies Database,https://www.thaigov.go.th/news/contents/details/92842,0.9999999999999999,2026-06-14
policy_chinese_taipei_regulations_governing_the_collection_of_carbon_fees_2026,Regulations Governing the Collection of Carbon Fees,Chinese Taipei,Other,tax_royalty,tax_change,unknown,general_policy,medium_constraint,2026,,,0.7,0.35,procurement_cost;valuation_impact,restrictive,IEA,IEA Policies Database,https://www.moenv.gov.tw/en/375192F88A851A76/553ddb95-ea29-46ae-a362-2124acdb845a,0.9999999999999999,2026-06-14
policy_bangladesh_tax_exemption_for_renewable_energy_based_power_facilities_2025,Tax exemption for renewable energy-based power facilities,Bangladesh,Other,tax_royalty,tax_change,unknown,general_policy,medium_constraint,2025,,,0.7,0.35,procurement_cost;valuation_impact,restrictive,IEA,IEA Policies Database,https://www.dpp.gov.bd/upload_file/gazettes/56325_25593.pdf,0.9999999999999999,2026-06-14
policy_philippines_enhanced_fiscal_regime_for_large_scale_metallic_mining_2025,Enhanced Fiscal Regime for Large-Scale Metallic Mining,Philippines,Other,tax_royalty,royalty_increase,multi_mineral,general_policy,hard_constraint,2025,,,0.9,0.65,procurement_cost;valuation_impact,restrictive,IEA,IEA Policies Database,https://www.officialgazette.gov.ph/2025/09/05/republic-act-no-12253/,0.9999999999999999,2026-06-14
policy_uzbekistan_law_no_zru_987_on_the_ownership_and_disposal_of_subsoil_resources_as_well_as_the_use_and_protection_of,"Law No. Zru-987 on the ownership and disposal of subsoil resources, as well as the use and protection of subsoil resources",Uzbekistan,Other,state_control,state_owned_mandate,unknown,project_approval,medium_constraint,2025,,,0.7,0.35,investment_access;valuation_impact,restrictive,IEA,IEA Policies Database,https://lex.uz/uz/docs/7182163#7196447,0.9999999999999999,2026-06-14
policy_australia_community_batteries_funding_round_2_2025,Community Batteries Funding Round 2,Australia,Oceania,unknown,unknown,unknown,general_policy,unknown,2025,,,0.4,0.35,policy_compliance,neutral,IEA,IEA Policies Database,https://arena.gov.au/funding/community-batteries-funding-round-2/,0.8999999999999999,2026-06-14
policy_korea_measures_to_strengthen_the_competitiveness_of_eco_friendly_vehicles_and_secondary_batteries_2025,Measures to Strengthen the Competitiveness of Eco-friendly Vehicles and Secondary Batteries,Korea,Other,subsidy_support,unknown,unknown,financing,support_policy,2025,,,0.35,0.35,supply_stability,supportive,IEA,IEA Policies Database,https://www.businesskorea.co.kr/news/articleView.html?idxno=233682,0.9999999999999999,2026-06-14
policy_norway_lower_cost_of_consumer_electricity_bills_2025,Lower cost of consumer electricity bills,Norway,Other,tax_royalty,tax_change,unknown,general_policy,medium_constraint,2025,,,0.7,0.35,procurement_cost;valuation_impact,restrictive,IEA,IEA Policies Database,https://www.regjeringen.no/en/aktuelt/new-steps-to-reduce-electricity-bills-and-maintain-control-over-national-energy-resources/id3085960/,0.9999999999999999,2026-06-14
policy_european_union_the_clean_industrial_deal_a_joint_roadmap_for_competitiveness_and_decarbonisation_2025,The Clean Industrial Deal: A joint roadmap for competitiveness and decarbonisation,European Union,Europe,strategic_plan,unknown,general_mining,recycling,soft_policy,2025,,,0.45,0.55,policy_compliance,supportive,IEA,IEA Policies Database,https://commission.europa.eu/topics/eu-competitiveness/clean-industrial-deal_en,0.9999999999999999,2026-06-14
policy_austria_environmental_promotion_act_ufg_industry_transformation_grant_2025_2025,Environmental Promotion Act (UFG) - Industry Transformation Grant 2025,Austria,Other,subsidy_support,unknown,unknown,financing,support_policy,2025,,,0.35,0.35,supply_stability,supportive,IEA,IEA Policies Database,https://www.bdo.at/de-at/blog/forderung-forschung/neue-foerdermoeglichkeit-fuer-klimafreundliche-technologien,0.9999999999999999,2026-06-14
policy_malta_financing_schemes_for_active_mobility_2025,Financing schemes for active mobility,Malta,Other,tax_royalty,tax_change,unknown,refining,medium_constraint,2025,,,0.7,0.35,procurement_cost;valuation_impact,restrictive,IEA,IEA Policies Database,https://www.transport.gov.mt/Land/Sustainable-Transport/Other-Incentive-Schemes-7055,0.9999999999999999,2026-06-14
policy_malta_budget_2025_financing_incentives_for_renewables_including_batteries_2025,Budget 2025 - Financing incentives for renewables including batteries,Malta,Other,unknown,unknown,unknown,general_policy,unknown,2025,,,0.4,0.35,policy_compliance,neutral,IEA,IEA Policies Database,https://finance.gov.mt/wp-content/uploads/2024/11/Diskors-tal-Budget-2025.pdf,0.8999999999999999,2026-06-14
policy_greece_storage_systems_in_enterprises_2025,Storage Systems in Enterprises,Greece,Other,subsidy_support,unknown,unknown,financing,support_policy,2025,,,0.35,0.35,supply_stability,supportive,IEA,IEA Policies Database,https://ypen.gov.gr/systimata-apothikefsis-stis-epicheiriseis-anoixe-simera-gia-ypovoli-aitiseon/,0.9999999999999999,2026-06-14
policy_canada_ontario_recovery_of_minerals_regulation_2025,(Ontario) Recovery of Minerals regulation,Canada,North America,environment_policy,project_license,lithium,project_approval,hard_constraint,2025,,,0.9,0.9,project_schedule;policy_compliance,restrictive,IEA,IEA Policies Database,https://news.ontario.ca/en/release/1005407/ontario-supporting-recovery-of-residual-metals-and-minerals,0.9999999999999999,2026-06-14
policy_cyprus_grant_scheme_for_energy_storage_systems_in_combination_with_renewable_energy_sources_2025,Grant Scheme for Energy Storage Systems in Combination with Renewable Energy Sources,Cyprus,Other,subsidy_support,unknown,unknown,financing,support_policy,2025,,,0.35,0.35,supply_stability,supportive,IEA,IEA Policies Database,https://www.gov.cy/energeia-eborio-viomichania/schedio-chorigion-gia-systimata-apothikefsis-energeias-se-syndyasmo-me-erga-ananeosimon-pigon-energeias-ape/,0.9999999999999999,2026-06-14
policy_estonia_2025_economic_competitiveness_and_industry_support_action_plan_2025,2025 Economic Competitiveness and Industry Support Action Plan,Estonia,Other,strategic_plan,unknown,unknown,general_policy,soft_policy,2025,,,0.45,0.35,policy_compliance,supportive,IEA,IEA Policies Database,https://mkm.ee/majanduskasvuplaan2025#36-kinnitame-ja-vii,0.9999999999999999,2026-06-14
policy_israel_solar_panel_promotion_2025,Solar Panel promotion,Israel,Other,tax_royalty,tax_change,unknown,general_policy,medium_constraint,2025,,,0.7,0.35,procurement_cost;valuation_impact,restrictive,IEA,IEA Policies Database,https://www.timesofisrael.com/energy-ministry-invest-in-solar-panels-enjoy-15-annual-return-for-25-years/,0.9999999999999999,2026-06-14
policy_luxembourg_law_no_8462_establishing_a_support_scheme_for_the_transition_to_a_net_zero_emissions_economy_2025,Law No 8462 establishing a support scheme for the transition to a net zero emissions economy,Luxembourg,Other,unknown,unknown,unknown,general_policy,unknown,2025,,,0.4,0.35,policy_compliance,neutral,IEA,IEA Policies Database,https://meco.gouvernement.lu/fr/actualites.gouvernement2024+fr+actualites+toutes_actualites+communiques+2025+02-fevrier+28-decarbonisation-industrie.html,0.8999999999999999,2026-06-14
policy_denmark_heat_pump_pool_2025,Heat Pump Pool,Denmark,Other,tax_royalty,tax_change,unknown,environmental_permitting,medium_constraint,2025,,,0.7,0.35,procurement_cost;valuation_impact,restrictive,IEA,IEA Policies Database,https://www.retsinformation.dk/eli/lta/2025/137,0.9999999999999999,2026-06-14
policy_denmark_energy_renovation_pool_2025,Energy Renovation Pool,Denmark,Other,tax_royalty,tax_change,unknown,environmental_permitting,medium_constraint,2025,,,0.7,0.35,procurement_cost;valuation_impact,restrictive,IEA,IEA Policies Database,https://www.retsinformation.dk/eli/lta/2025/143,0.9999999999999999,2026-06-14
policy_netherlands_2025_sustainable_energy_production_and_climate_transition_incentive_scheme_sde_2025,2025 Sustainable Energy Production and Climate Transition Incentive Scheme (SDE++),Netherlands,Other,subsidy_support,unknown,unknown,financing,support_policy,2025,,,0.35,0.35,supply_stability,supportive,IEA,IEA Policies Database,https://www.rijksoverheid.nl/actueel/nieuws/2025/02/21/vanaf-oktober-opnieuw-subsidie-voor-meer-duurzame-energie,0.9999999999999999,2026-06-14
policy_finland_investment_credit_for_large_investments_aiming_at_a_climate_neutral_economy_2025,Investment credit for large investments aiming at a climate neutral economy,Finland,Europe,unknown,unknown,unknown,general_policy,unknown,2025,,,0.4,0.35,policy_compliance,neutral,IEA,IEA Policies Database,https://www.businessfinland.fi/en/for-finnish-customers/services/funding/tax-credit-for-large-clean-transition-investments,0.8999999999999999,2026-06-14
policy_sweden_2025_budget_industriklivet_2025,2025 Budget- Industriklivet,Sweden,Europe,unknown,unknown,unknown,general_policy,unknown,2025,,,0.4,0.35,policy_compliance,neutral,IEA,IEA Policies Database,https://vatgas.se/en/2024/10/02/the-budget-bill-2025-focus-on-energy-innovation-and-sustainability/,0.8999999999999999,2026-06-14
policy_sweden_fossil_free_energy_sources_research_2025,Fossil-Free Energy sources research,Sweden,Europe,unknown,unknown,unknown,general_policy,unknown,2025,,,0.4,0.35,policy_compliance,neutral,IEA,IEA Policies Database,https://vatgas.se/en/2024/10/02/the-budget-bill-2025-focus-on-energy-innovation-and-sustainability/,0.8999999999999999,2026-06-14
policy_brazil_law_327_2021_energy_transition_acceleration_program_paten_2025,Law 327/2021 - Energy Transition Acceleration Program (PATEN),Brazil,South America,unknown,unknown,general_mining,general_policy,unknown,2025,,,0.4,0.55,policy_compliance,neutral,IEA,IEA Policies Database,https://www.gov.br/planalto/en/latest-news/2025/01/president-lula-signs-into-law-energy-transition-acceleration-program,0.8999999999999999,2026-06-14
policy_brazil_batteries_energy_storage_systems_auctions_2026,Batteries energy storage systems auctions,Brazil,South America,unknown,unknown,unknown,general_policy,unknown,2026,,,0.4,0.35,policy_compliance,neutral,IEA,IEA Policies Database,https://www.gov.br/mme/pt-br/assuntos/noticias/alexandre-silveira-lanca-consulta-publica-para-leilao-inedito-de-sistemas-de-armazenamento-em-baterias,0.8999999999999999,2026-06-14
policy_spain_spain_mineral_raw_materials_action_plan_2025_2029_2025,Spain Mineral Raw Materials Action Plan 2025-2029,Spain,Europe,environment_policy,recycling_support,lithium,environmental_permitting,medium_constraint,2025,,,0.7,0.9,project_schedule;policy_compliance,restrictive,IEA,IEA Policies Database,https://www.miteco.gob.es/es/prensa/ultimas-noticias/2025/marzo/el-miteco-lanza-el-plan-de-accion-de-las-materias-primas-mineral.html,0.9999999999999999,2026-06-14
policy_people_s_republic_of_china_high_quality_development_action_plan_for_new_energy_storage_manufacturing_2025,High-Quality Development Action Plan for New Energy Storage Manufacturing,People's Republic of China,Other,tax_royalty,tax_change,unknown,financing,medium_constraint,2025,,,0.7,0.35,procurement_cost;valuation_impact,restrictive,IEA,IEA Policies Database,https://www.gov.cn/zhengce/zhengceku/202502/content_7004135.htm,0.9999999999999999,2026-06-14
policy_republic_of_turkiye_2030_industry_and_technology_strategy_2025,2030 Industry and Technology Strategy,Republic of Turkiye,Other,strategic_plan,unknown,unknown,general_policy,soft_policy,2025,,,0.45,0.35,policy_compliance,supportive,IEA,IEA Policies Database,https://www.iletisim.gov.tr/english/haberler/detay/we-want-to-maximize-our-technological-independence,0.9999999999999999,2026-06-14
policy_mexico_current_incentives_for_electric_mobility_in_the_megalopolis_2025,Current Incentives for Electric Mobility in the Megalopolis,Mexico,Other,tax_royalty,tax_change,unknown,financing,medium_constraint,2025,,,0.7,0.35,procurement_cost;valuation_impact,restrictive,IEA,IEA Policies Database,https://www.gob.mx/cms/uploads/attachment/file/832518/4.Incentivos_vigentes.pdf,0.9999999999999999,2026-06-14
policy_european_union_strategic_projects_of_the_crma_2025,Strategic Projects of the CRMA,European Union,Europe,environment_policy,project_license,lithium,refining,hard_constraint,2025,,,0.9,0.9,project_schedule;policy_compliance,restrictive,IEA,IEA Policies Database,https://single-market-economy.ec.europa.eu/sectors/raw-materials/areas-specific-interest/critical-raw-materials/strategic-projects-under-crma/selected-projects_en,0.9999999999999999,2026-06-14
policy_european_union_a_competitiveness_compass_for_the_eu_2025,A Competitiveness Compass for the EU,European Union,Europe,local_processing,export_ban_concentrate,general_mining,concentrate_export,medium_constraint,2025,,,0.7,0.55,investment_access;project_schedule,restrictive,IEA,IEA Policies Database,https://commission.europa.eu/topics/eu-competitiveness/competitiveness-compass_en,0.9999999999999999,2026-06-14
policy_european_union_european_investment_bank_critical_raw_materials_strategic_initiative_2025,European Investment Bank Critical Raw Materials Strategic Initiative,European Union,Europe,unknown,unknown,general_mining,general_policy,hard_constraint,2025,,,0.9,0.55,policy_compliance,neutral,IEA,IEA Policies Database,https://www.eib.org/en/press/all/2025-156-eib-steps-up-financing-for-european-security-and-defence-and-critical-raw-materials,0.8999999999999999,2026-06-14
policy_european_union_battery_booster_package_industrial_action_plan_for_the_european_automotive_sector_2025,Battery Booster Package - Industrial Action Plan for the European automotive sector,European Union,Europe,strategic_plan,unknown,unknown,recycling,soft_policy,2025,,,0.45,0.35,policy_compliance,supportive,IEA,IEA Policies Database,https://transport.ec.europa.eu/document/download/89b3143e-09b6-4ae6-a826-932b90ed0816_en?filename=Communication%20-%20Action%20Plan.pdf,0.9999999999999999,2026-06-14
policy_european_union_updated_list_of_european_waste_with_battery_related_waste_codes_2025,Updated List of European Waste with battery-related waste codes,European Union,Europe,recycling,recycling_support,general_mining,recycling,hard_constraint,2025,,,0.9,0.55,supply_stability,supportive,IEA,IEA Policies Database,https://environment.ec.europa.eu/document/48cdc11b-facb-429a-80ad-4b37bce77ced_en,0.9999999999999999,2026-06-14
policy_people_s_republic_of_china_decision_to_implement_export_controls_on_tungsten_tellurium_bismuth_molybdenum_and_ind,"Decision to implement export controls on tungsten, tellurium, bismuth, molybdenum and indium related items",People's Republic of China,Other,export_control,unknown,multi_mineral,general_policy,hard_constraint,2025,,,0.9,0.65,resource_security,restrictive,IEA,IEA Policies Database,https://www.mofcom.gov.cn/zwgk/zcfb/art/2025/art_e623090907fc4e1092f0a4db72f57b95.html,0.9999999999999999,2026-06-14
policy_people_s_republic_of_china_export_controls_on_certain_medium_and_heavy_rare_earth_items_2025,Export controls on certain medium and heavy rare earth items,People's Republic of China,Other,export_control,unknown,multi_mineral,general_policy,hard_constraint,2025,,,0.9,0.65,resource_security,restrictive,IEA,IEA Policies Database,https://aqygzj.mofcom.gov.cn/flzc/gzjgfxwj/art/2025/art_f3a1432ba20248eca12ff7b91bc73fda.html,0.9999999999999999,2026-06-14
policy_zambia_zambia_integrated_mining_information_system_zimis_2025,Zambia Integrated Mining Information System (ZIMIS),Zambia,Other,unknown,unknown,general_mining,general_policy,unknown,2025,,,0.4,0.55,policy_compliance,neutral,IEA,IEA Policies Database,https://www.mmmd.gov.zm/?p=3913,0.8999999999999999,2026-06-14
policy_united_states_executive_order_on_immediate_measures_to_increase_american_mineral_production_2025,Executive Order on Immediate Measures to Increase American Mineral Production,United States,North America,permitting,project_license,critical_minerals,project_approval,hard_constraint,2025,,,0.9,0.7,project_schedule,restrictive,IEA,IEA Policies Database,https://www.whitehouse.gov/presidential-actions/2025/03/immediate-measures-to-increase-american-mineral-production/,0.9999999999999999,2026-06-14
policy_indonesia_government_regulation_8_of_2025_2025,Government Regulation 8 of 2025,Indonesia,Asia,tax_royalty,tax_change,general_mining,project_approval,hard_constraint,2025,,,0.9,0.55,procurement_cost;valuation_impact,restrictive,IEA,IEA Policies Database,https://peraturan.bpk.go.id/Details/314625/pp-no-8-tahun-2025,0.9999999999999999,2026-06-14
policy_france_france_japan_participation_in_ree_refining_project_2025,France-Japan Participation in REE Refining Project,France,Europe,tax_royalty,export_ban_raw_ore,critical_minerals,ore_export,medium_constraint,2025,,,0.7,0.7,procurement_cost;valuation_impact,restrictive,IEA,IEA Policies Database,https://www.meti.go.jp/press/2024/05/20240503001/20240503001-a.pdf,0.9999999999999999,2026-06-14
policy_japan_france_japan_participation_in_ree_refining_project_2025,France-Japan Participation in REE Refining Project,Japan,Other,tax_royalty,export_ban_raw_ore,critical_minerals,ore_export,medium_constraint,2025,,,0.7,0.7,procurement_cost;valuation_impact,restrictive,IEA,IEA Policies Database,https://www.meti.go.jp/press/2024/05/20240503001/20240503001-a.pdf,0.9999999999999999,2026-06-14
policy_korea_supply_chain_stabilization_fund_for_core_minerals_2025,Supply Chain Stabilization Fund for Core Minerals,Korea,Other,unknown,unknown,unknown,general_policy,unknown,2025,,,0.4,0.35,policy_compliance,neutral,IEA,IEA Policies Database,https://www.motie.go.kr/kor/article/ATCL3f49a5a8c/170161/view?mno=&pageIndex=1&rowPageC=0&displayAuthor=&searchCategory=0&schClear=on&startDtD=&endDtD=&searchCondition=1&searchKeyword=#,0.8999999999999999,2026-06-14
policy_sweden_municipal_incentive_scheme_for_wind_power_expansion_2025,Municipal incentive scheme for wind power expansion,Sweden,Europe,tax_royalty,tax_change,unknown,general_policy,medium_constraint,2025,,,0.7,0.35,procurement_cost;valuation_impact,restrictive,IEA,IEA Policies Database,https://www.regeringen.se/contentassets/bfe4593f9b0d462f834bc8bbd052a921/budgetpropositionen-for-2025-hela-dokumentet-prop.2024251.pdf,0.9999999999999999,2026-06-14
policy_sweden_budget_2025_and_2026_tax_reduction_on_green_technology_installation_2025,Budget 2025 and 2026 - tax reduction on green technology installation,Sweden,Europe,tax_royalty,tax_change,unknown,general_policy,medium_constraint,2025,,,0.7,0.35,procurement_cost;valuation_impact,restrictive,IEA,IEA Policies Database,https://www.government.se/contentassets/945f660da54f42daa102ca63f971a9fa/budget-statement.pdf,0.9999999999999999,2026-06-14
policy_poland_naszeauto_programme_2025,NaszEauto programme,Poland,Other,environment_policy,unknown,unknown,financing,medium_constraint,2025,,,0.7,0.35,project_schedule;policy_compliance,restrictive,IEA,IEA Policies Database,https://www.gov.pl/web/nfosigw/program-naszeauto-do-40-tys-zl-doplaty-do-samochodu-elektrycznego,0.9999999999999999,2026-06-14
policy_australia_cheaper_home_batteries_program_2025,Cheaper Home Batteries Program,Australia,Oceania,unknown,unknown,unknown,general_policy,unknown,2025,,,0.4,0.35,policy_compliance,neutral,IEA,IEA Policies Database,https://www.dcceew.gov.au/energy/programs/cheaper-home-batteries,0.8999999999999999,2026-06-14
policy_new_zealand_minerals_strategy_for_new_zealand_and_critical_minerals_list_2025,Minerals Strategy for New Zealand and Critical Minerals List,New Zealand,Other,strategic_plan,unknown,critical_minerals,general_policy,soft_policy,2025,,,0.45,0.7,policy_compliance,supportive,IEA,IEA Policies Database,https://www.nzpam.govt.nz/about/news/minerals-strategy-and-critical-minerals-list-launched,0.9999999999999999,2026-06-14
policy_slovak_republic_esif_programme_slovakia_green_for_enterprises_2025,ESIF Programme Slovakia - Green for enterprises,Slovak Republic,Other,unknown,unknown,unknown,general_policy,unknown,2025,,,0.4,0.35,policy_compliance,neutral,IEA,IEA Policies Database,https://www.siea.sk/narodny-projekt-zelena-podnikom-prinesie-na-zelene-riesenia-665-mil-eur/,0.8999999999999999,2026-06-14
policy_canada_bill_5_protect_ontario_by_unleashing_our_economy_act_2025_2025,"Bill 5, Protect Ontario by Unleashing our Economy Act, 2025",Canada,North America,subsidy_support,project_license,critical_minerals,project_approval,support_policy,2025,,,0.35,0.7,supply_stability,supportive,IEA,IEA Policies Database,https://www.ola.org/en/legislative-business/bills/parliament-44/session-1/bill-5,0.9999999999999999,2026-06-14
policy_france_benefit_in_kind_bik_advantages_for_electric_vehicles_2025,Benefit-in-Kind (BIK) Advantages for Electric Vehicles,France,Europe,tax_royalty,tax_change,unknown,general_policy,medium_constraint,2025,,,0.7,0.35,procurement_cost;valuation_impact,restrictive,IEA,IEA Policies Database,https://www.legifrance.gouv.fr/jorf/id/JORFTEXT000051168007,0.9999999999999999,2026-06-14
policy_france_incentive_tax_on_fleet_greening_2025,Incentive Tax on Fleet Greening,France,Europe,tax_royalty,tax_change,unknown,general_policy,medium_constraint,2025,,,0.7,0.35,procurement_cost;valuation_impact,restrictive,IEA,IEA Policies Database,https://www.legifrance.gouv.fr/jorf/id/JORFTEXT000051168007,0.9999999999999999,2026-06-14
policy_spain_venture_fund_of_the_center_for_development_of_industrial_technology_cdti_2025,Venture fund of the Center for Development of Industrial Technology  (CDTI),Spain,Europe,unknown,unknown,critical_minerals,general_policy,unknown,2025,,,0.4,0.7,policy_compliance,neutral,IEA,IEA Policies Database,https://www.cdti.es/en/cdti,0.8999999999999999,2026-06-14
policy_portugal_the_national_railway_plan_2025,The National Railway Plan,Portugal,Europe,strategic_plan,unknown,general_mining,project_approval,hard_constraint,2025,,,0.9,0.55,policy_compliance,supportive,IEA,IEA Policies Database,https://diariodarepublica.pt/dr/detalhe/resolucao-conselho-ministros/77-2025-915239713,0.9999999999999999,2026-06-14
policy_finland_scheme_to_support_investment_in_strategic_sectors_and_industrial_decarbonization_2025,Scheme to support investment in strategic sectors and industrial decarbonization,Finland,Europe,tax_royalty,tax_change,unknown,financing,medium_constraint,2025,,,0.7,0.35,procurement_cost;valuation_impact,restrictive,IEA,IEA Policies Database,https://ec.europa.eu/commission/presscorner/detail/en/ip_25_527,0.9999999999999999,2026-06-14
policy_germany_grant_for_ptl_for_aviation_2025,Grant for PtL for aviation,Germany,Europe,subsidy_support,unknown,general_mining,project_approval,support_policy,2025,,,0.35,0.55,supply_stability,supportive,IEA,IEA Policies Database,https://www.bundesanzeiger.de/pub/de/amtliche-veroeffentlichung?4,0.9999999999999999,2026-06-14
policy_portugal_saf_production_tenders_2025,SAF production tenders,Portugal,Europe,tax_royalty,tax_change,unknown,general_policy,medium_constraint,2025,,,0.7,0.35,procurement_cost;valuation_impact,restrictive,IEA,IEA Policies Database,https://www.ambienteonline.pt/destaques/governo-lanca-concursos-para-producao-de-combustivel-sustentavel-para-aviacao,0.9999999999999999,2026-06-14
policy_united_states_clean_fuels_production_credit_ira_45z_2025,Clean Fuels Production Credit (IRA 45Z),United States,North America,tax_royalty,tax_change,unknown,financing,medium_constraint,2025,,,0.7,0.35,procurement_cost;valuation_impact,restrictive,IEA,IEA Policies Database,https://www.taxpayer.net/wp-content/uploads/2024/08/8-12-24_45Z-fact-sheet.pdf,0.9999999999999999,2026-06-14
policy_switzerland_revision_of_the_co2_act_2025,Revision of the CO2 Act,Switzerland,Other,environment_policy,unknown,unknown,general_policy,medium_constraint,2025,,,0.7,0.35,project_schedule;policy_compliance,restrictive,IEA,IEA Policies Database,https://www.fedlex.admin.ch/eli/fga/2022/2651/de,0.9999999999999999,2026-06-14
policy_brazil_tax_incentives_for_solatio_project_2025,Tax incentives for Solatio project,Brazil,South America,tax_royalty,tax_change,unknown,general_policy,medium_constraint,2025,,,0.7,0.35,procurement_cost;valuation_impact,restrictive,IEA,IEA Policies Database,https://diario.dopovo.com.br/2025/03/20/maior-projeto-de-hidrogenio-verde-do-mundo/,0.9999999999999999,2026-06-14
policy_india_130_ktpa_tender_state_of_maharashtra_2025,130 ktpa tender - State of Maharashtra,India,Other,tax_royalty,tax_change,unknown,financing,medium_constraint,2025,,,0.7,0.35,procurement_cost;valuation_impact,restrictive,IEA,IEA Policies Database,https://mahatenders.gov.in/nicgep/app?component=%24DirectLink&pag,0.9999999999999999,2026-06-14
policy_argentina_tax_incentives_2025,Tax incentives,Argentina,South America,tax_royalty,tax_change,unknown,financing,medium_constraint,2025,,,0.7,0.35,procurement_cost;valuation_impact,restrictive,IEA,IEA Policies Database,https://www.canalenergia.com.br/noticias/53313775/decretos-do-hidrogenio-estao-prontos-diz-mme,0.9999999999999999,2026-06-14
policy_people_s_republic_of_china_pilot_demonstration_program_2025,Pilot demonstration program,People's Republic of China,Other,unknown,unknown,unknown,refining,unknown,2025,,,0.4,0.35,policy_compliance,neutral,IEA,IEA Policies Database,https://www.nea.gov.cn/20250610/472b12c43f534aab9a95de81034dcd92/20250610472b12c43f534aab9a95de81034dcd92_2288580504e06346d39eb8d268c8e70947.pdf,0.8999999999999999,2026-06-14
policy_india_reduced_goods_and_services_rate_2025,Reduced Goods and Services Rate,India,Other,unknown,unknown,unknown,general_policy,unknown,2025,,,0.4,0.35,policy_compliance,neutral,IEA,IEA Policies Database,https://www.team-bhp.com/news/govt-panel-recommends-5-gst-green-hydrogen-batteries,0.8999999999999999,2026-06-14
policy_chile_tax_incentives_for_renewable_hydrogen_2025,Tax incentives for renewable hydrogen,Chile,South America,tax_royalty,tax_change,unknown,general_policy,medium_constraint,2025,,,0.7,0.35,procurement_cost;valuation_impact,restrictive,IEA,IEA Policies Database,https://www.hacienda.cl/noticias-y-eventos/noticias/gobierno-anuncia-ingreso-de-dos-proyectos-de-ley-para-incentivar-el-crecimiento,0.9999999999999999,2026-06-14
policy_india_hazardous_and_other_wastes_management_and_transboundary_movement_second_amendment_rules_2025_2025,"Hazardous and Other Wastes (Management and Transboundary Movement) Second Amendment Rules, 2025",India,Other,recycling,recycling_support,unknown,recycling,hard_constraint,2025,,,0.9,0.35,supply_stability,supportive,IEA,IEA Policies Database,https://moef.gov.in/storage/tender/1751520898.pdf,0.9999999999999999,2026-06-14
policy_south_africa_critical_minerals_list_for_south_africa_2025,Critical Minerals List for South Africa,South Africa,Africa,strategic_plan,recycling_support,lithium,recycling,soft_policy,2025,,,0.45,0.9,policy_compliance,supportive,IEA,IEA Policies Database,https://www.gov.za/sites/default/files/gcis_document/202505/critical-minerals-and-metals-strategy-south-africa-2025.pdf,0.9999999999999999,2026-06-14
policy_switzerland_environmental_protection_act_2025,Environmental Protection Act,Switzerland,Other,environment_policy,unknown,unknown,general_policy,medium_constraint,2025,,,0.7,0.35,project_schedule;policy_compliance,restrictive,IEA,IEA Policies Database,https://www.fedlex.admin.ch/eli/fga/2024/686/de#annex_u1/lvl_u1/lvl_4/mod_u16,0.9999999999999999,2026-06-14
policy_new_zealand_regulatory_proposals_for_geologic_hydrogen_2025,Regulatory proposals for geologic hydrogen,New Zealand,Other,unknown,unknown,unknown,general_policy,unknown,2025,,,0.4,0.35,policy_compliance,neutral,IEA,IEA Policies Database,https://www.mbie.govt.nz/have-your-say/regulatory-proposals-for-natural-and-orange-hydrogen-development,0.8999999999999999,2026-06-14
policy_people_s_republic_of_china_anhui_province_allows_free_passage_for_low_carbon_zero_carbon_vessels_on_the_jianghuai,Anhui Province allows free passage for low-carbon/zero-carbon vessels on the Jianghuai Canal (from Aug 2025 till Dec 2027),People's Republic of China,Other,environment_policy,unknown,unknown,environmental_permitting,medium_constraint,2025,,,0.7,0.35,project_schedule;policy_compliance,restrictive,IEA,IEA Policies Database,https://www.mot.gov.cn/jiaotongyaowen/202508/t20250805_4173965.html,0.9999999999999999,2026-06-14
policy_india_green_energy_policy_telangana_2025,Green Energy Policy - Telangana,India,Other,tax_royalty,tax_change,unknown,financing,medium_constraint,2025,,,0.7,0.35,procurement_cost;valuation_impact,restrictive,IEA,IEA Policies Database,https://tgredco.telangana.gov.in/Updates_2025/Telangana_Clean_and_Green_Energy_Policy_2025.pdf,0.9999999999999999,2026-06-14
policy_azerbaijan_national_hydrogen_strategic_outlook_2025,National Hydrogen Strategic Outlook,Azerbaijan,Other,strategic_plan,unknown,unknown,refining,soft_policy,2025,,,0.45,0.35,policy_compliance,supportive,IEA,IEA Policies Database,https://enerjiportali.az/wp-content/uploads/2025/02/Azerbaijan-National-Hydrogen-Strategic-Outlook-Rev_14.02.2025.pdf,0.9999999999999999,2026-06-14
policy_argentina_tax_incentives_2025,Tax incentives,Argentina,South America,tax_royalty,tax_change,unknown,project_approval,medium_constraint,2025,,,0.7,0.35,procurement_cost;valuation_impact,restrictive,IEA,IEA Policies Database,https://www.hcdn.gob.ar/diputados/lvillaverde/proyecto.html?exp=3503-D-2025,0.9999999999999999,2026-06-14
policy_germany_eu_s_just_transition_fund_for_electrolysis_saxony_anhalt_2025,EU's Just Transition Fund for electrolysis (Saxony-Anhalt),Germany,Europe,subsidy_support,unknown,general_mining,financing,support_policy,2025,,,0.35,0.55,supply_stability,supportive,IEA,IEA Policies Database,https://mwu.sachsen-anhalt.de/artikel-detail/energieministerium-unterstuetzt-aufbau-von-gruener-wasserstoffwirtschaft-mit-87-mio-euro,0.9999999999999999,2026-06-14
policy_chile_tax_incentives_for_renewable_hydrogen_2025,Tax incentives for renewable hydrogen,Chile,South America,tax_royalty,tax_change,unknown,general_policy,medium_constraint,2025,,,0.7,0.35,procurement_cost;valuation_impact,restrictive,IEA,IEA Policies Database,https://www.hacienda.cl/noticias-y-eventos/noticias/gobierno-ingresa-proyecto-que-incorpora-incentivos-tributarios-para-impulsar-el,0.9999999999999999,2026-06-14
policy_jordan_tax_incentives_for_renewable_hydrogen_2025,Tax incentives for renewable hydrogen,Jordan,Other,tax_royalty,tax_change,unknown,financing,medium_constraint,2025,,,0.7,0.35,procurement_cost;valuation_impact,restrictive,IEA,IEA Policies Database,https://petra.gov.jo/Include/InnerPage.jsp?ID=74515&lang=en&name=en_news,0.9999999999999999,2026-06-14
policy_lao_people_s_democratic_republic_national_green_hydrogen_and_ammonia_roadmap_2025,National green hydrogen and ammonia roadmap,Lao People's Democratic Republic,Other,tax_royalty,tax_change,unknown,general_policy,medium_constraint,2025,,,0.7,0.35,procurement_cost;valuation_impact,restrictive,IEA,IEA Policies Database,https://climatecompatiblegrowth.com/wp-content/uploads/Report-Final-Draft_Signed-01-1.pdf,0.9999999999999999,2026-06-14
policy_ghana_local_content_and_local_participation_policy_2025,Local Content and Local Participation Policy,Ghana,Other,unknown,unknown,general_mining,general_policy,unknown,2025,,,0.4,0.55,policy_compliance,neutral,IEA,IEA Policies Database,https://www.mincom.gov.gh/wp-content/uploads/2025/02/Local-Content-Sixth-Edition-2025.pdf,0.8999999999999999,2026-06-14
policy_democratic_republic_of_the_congo_temporary_suspension_of_cobalt_export_from_the_democratic_republic_of_congo_2025,Temporary suspension of cobalt export from the Democratic Republic of Congo,Democratic Republic of the Congo,Other,unknown,unknown,general_mining,general_policy,hard_constraint,2025,,,0.9,0.55,policy_compliance,neutral,IEA,IEA Policies Database,https://www.linkedin.com/posts/minminesrdc_arecoms-activity-7342299328536850432-WCex/,0.8999999999999999,2026-06-14
policy_south_africa_export_control_of_chrome_ore_in_south_africa_2025,Export control of chrome ore in South Africa,South Africa,Africa,export_control,tax_change,unknown,ore_export,hard_constraint,2025,,,0.9,0.35,resource_security,restrictive,IEA,IEA Policies Database,https://dirco.gov.za/statement-on-the-cabinet-meeting-of-25-june-2025/,0.9999999999999999,2026-06-14
policy_democratic_republic_of_the_congo_drc_arecoms_decision_no_004_2025_cobalt_quota_system_2025,DRC ARECOMS Decision No. 004/2025 â Cobalt Quota System,Democratic Republic of the Congo,Other,state_control,state_owned_mandate,general_mining,financing,medium_constraint,2025,,,0.7,0.55,investment_access;valuation_impact,restrictive,IEA,IEA Policies Database,https://surveillance.cd/2025/09/22/cobalt-larecoms-durcit-le-ton-avec-une-prorogation-de-la-suspension-et-limposition-dune-politique-stricte-de-quotas/,0.9999999999999999,2026-06-14
policy_nigeria_nigeria_tax_act_2025_2025,"Nigeria Tax Act, 2025",Nigeria,Other,tax_royalty,tax_change,unknown,project_approval,hard_constraint,2025,,,0.9,0.35,procurement_cost;valuation_impact,restrictive,IEA,IEA Policies Database,https://irs.gm.gov.ng/docs/national/NIGERIA_TAX_ACT_2025.pdf,0.9999999999999999,2026-06-14
policy_republic_of_turkiye_t_rkiye_s_critical_and_strategic_minerals_list_2025,TÃ¼rkiyeâs Critical and Strategic Minerals List,Republic of Turkiye,Other,unknown,unknown,lithium,general_policy,unknown,2025,,,0.4,0.9,policy_compliance,neutral,IEA,IEA Policies Database,https://enerji.gov.tr/Media/Dizin/TKDB/tr/Belgeler/Critical_and_Strategic_Minerals_Report_Eng.pdf,0.8999999999999999,2026-06-14
policy_united_states_us_australia_framework_for_securing_of_supply_in_the_mining_and_processing_of_critical_minerals_and,US-Australia Framework for Securing of Supply in the Mining and Processing of Critical Minerals and Rare Earths,United States,North America,permitting,project_license,critical_minerals,project_approval,hard_constraint,2025,,,0.9,0.7,project_schedule,restrictive,IEA,IEA Policies Database,https://www.whitehouse.gov/briefings-statements/2025/10/united-states-australia-framework-for-securing-of-supply-in-the-mining-and-processing-of-critical-minerals-and-rare-earths/,0.9999999999999999,2026-06-14
policy_australia_us_australia_framework_for_securing_of_supply_in_the_mining_and_processing_of_critical_minerals_and_rar,US-Australia Framework for Securing of Supply in the Mining and Processing of Critical Minerals and Rare Earths,Australia,Oceania,permitting,project_license,critical_minerals,project_approval,hard_constraint,2025,,,0.9,0.7,project_schedule,restrictive,IEA,IEA Policies Database,https://www.whitehouse.gov/briefings-statements/2025/10/united-states-australia-framework-for-securing-of-supply-in-the-mining-and-processing-of-critical-minerals-and-rare-earths/,0.9999999999999999,2026-06-14
policy_india_incentive_scheme_for_promotion_of_critical_minerals_recycling_2025,Incentive Scheme for Promotion of Critical Minerals Recycling,India,Other,recycling,recycling_support,lithium,recycling,soft_policy,2025,,,0.45,0.9,supply_stability,supportive,IEA,IEA Policies Database,https://mines.gov.in/admin/download/68e096a7d7e441759549095.pdf,0.9999999999999999,2026-06-14
policy_cote_d_ivoire_climate_change_law_2025,Climate Change Law,Cote D'ivoire,Other,unknown,unknown,unknown,general_policy,unknown,2025,,,0.4,0.35,policy_compliance,neutral,IEA,IEA Policies Database,https://www.arc.int/gender-drmp/IMG/pdf/loi_changement_climatique_cote_divoire_2025.pdf,0.8999999999999999,2026-06-14
policy_south_africa_critical_minerals_and_metals_strategy_of_south_africa_2025,Critical Minerals and Metals Strategy of South Africa,South Africa,Africa,local_processing,local_beneficiation,lithium,processing,medium_constraint,2025,,,0.7,0.9,investment_access;project_schedule,restrictive,IEA,IEA Policies Database,https://www.gov.za/sites/default/files/gcis_document/202505/critical-minerals-and-metals-strategy-south-africa-2025.pdf,0.9999999999999999,2026-06-14
policy_united_kingdom_vision_2035_critical_minerals_strategy_2025,Vision 2035: Critical Minerals Strategy,United Kingdom,Europe,strategic_plan,critical_minerals_strategy,critical_minerals,refining,soft_policy,2025,,,0.45,0.7,policy_compliance,supportive,IEA,IEA Policies Database,https://www.gov.uk/government/publications/uk-critical-minerals-strategy/vision-2035-critical-minerals-strategy,0.9999999999999999,2026-06-14
policy_united_kingdom_critical_minerals_list_of_the_united_kingdom_2025,Critical Minerals List of the United Kingdom,United Kingdom,Europe,strategic_plan,critical_minerals_strategy,lithium,general_policy,soft_policy,2025,,,0.45,0.9,policy_compliance,supportive,IEA,IEA Policies Database,https://www.gov.uk/government/publications/uk-critical-minerals-strategy/critical-minerals-technical-annex,0.9999999999999999,2026-06-14
policy_european_union_resourceeu_action_plan_2025,RESourceEU Action Plan,European Union,Europe,environment_policy,foreign_investment_screening,critical_minerals,project_approval,hard_constraint,2025,,,0.9,0.7,project_schedule;policy_compliance,restrictive,IEA,IEA Policies Database,https://single-market-economy.ec.europa.eu/document/download/01c448d6-dc93-40d7-9afe-4c2af448d00c_en,0.9999999999999999,2026-06-14
policy_united_states_drc_us_strategic_partnership_agreement_2025,DRC-US Strategic Partnership Agreement,United States,North America,local_processing,export_ban_concentrate,critical_minerals,concentrate_export,hard_constraint,2025,,,0.9,0.7,investment_access;project_schedule,restrictive,IEA,IEA Policies Database,https://www.state.gov/strategic-partnership-agreement-between-the-government-of-the-united-states-of-america-and-the-government-of-the-democratic-republic-of-the-congo/,0.9999999999999999,2026-06-14
policy_democratic_republic_of_the_congo_drc_us_strategic_partnership_agreement_2025,DRC-US Strategic Partnership Agreement,Democratic Republic of the Congo,Other,local_processing,export_ban_concentrate,critical_minerals,concentrate_export,hard_constraint,2025,,,0.9,0.7,investment_access;project_schedule,restrictive,IEA,IEA Policies Database,https://www.state.gov/strategic-partnership-agreement-between-the-government-of-the-united-states-of-america-and-the-government-of-the-democratic-republic-of-the-congo/,0.9999999999999999,2026-06-14
policy_united_states_us_argentina_memorandum_of_understanding_on_cooperation_on_critical_minerals_2025,US-Argentina Memorandum of Understanding on Cooperation on Critical Minerals,United States,North America,recycling,recycling_support,critical_minerals,refining,soft_policy,2025,,,0.45,0.7,supply_stability,supportive,IEA,IEA Policies Database,https://www.cancilleria.gob.ar/en/announcements/news/argentina-and-united-states-signed-memorandum-cooperation-critical-minerals,0.9999999999999999,2026-06-14
policy_argentina_us_argentina_memorandum_of_understanding_on_cooperation_on_critical_minerals_2025,US-Argentina Memorandum of Understanding on Cooperation on Critical Minerals,Argentina,South America,recycling,recycling_support,critical_minerals,refining,soft_policy,2025,,,0.45,0.7,supply_stability,supportive,IEA,IEA Policies Database,https://www.cancilleria.gob.ar/en/announcements/news/argentina-and-united-states-signed-memorandum-cooperation-critical-minerals,0.9999999999999999,2026-06-14
policy_plurinational_state_of_bolivia_law_no_1613_general_state_budget_2025_2025,Law No. 1613: General State Budget 2025,Plurinational State of Bolivia,Other,unknown,unknown,general_mining,general_policy,unknown,2025,,,0.4,0.55,policy_compliance,neutral,IEA,IEA Policies Database,https://www.procuraduria.gob.bo/ckfinder/userfiles/files/PGE-WEB/_Opinion/op2025tj/LEY1613.pdf,0.8999999999999999,2026-06-14
policy_united_states_us_malaysia_memorandum_of_understanding_concerning_cooperation_to_diversify_global_critical_mineral,US-Malaysia Memorandum of Understanding Concerning Cooperation to Diversify Global Critical Minerals Supply Chains and Promote Investments,United States,North America,unknown,unknown,critical_minerals,general_policy,unknown,2025,,,0.4,0.7,policy_compliance,neutral,IEA,IEA Policies Database,https://www.whitehouse.gov/briefings-statements/2025/10/memorandum-of-understanding-between-the-government-of-the-united-states-of-america-and-the-government-of-malaysia-concerning-cooperation-to-diversify-global-critical-minerals-supply-chains-and-promote/,0.8999999999999999,2026-06-14
policy_malaysia_us_malaysia_memorandum_of_understanding_concerning_cooperation_to_diversify_global_critical_minerals_sup,US-Malaysia Memorandum of Understanding Concerning Cooperation to Diversify Global Critical Minerals Supply Chains and Promote Investments,Malaysia,Other,unknown,unknown,critical_minerals,general_policy,unknown,2025,,,0.4,0.7,policy_compliance,neutral,IEA,IEA Policies Database,https://www.whitehouse.gov/briefings-statements/2025/10/memorandum-of-understanding-between-the-government-of-the-united-states-of-america-and-the-government-of-malaysia-concerning-cooperation-to-diversify-global-critical-minerals-supply-chains-and-promote/,0.8999999999999999,2026-06-14
policy_united_states_us_thailand_memorandum_of_understanding_concerning_cooperation_to_diversify_global_critical_mineral,US-Thailand Memorandum of Understanding Concerning Cooperation to Diversify Global Critical Minerals Supply Chains and Promote Investments,United States,North America,local_processing,domestic_processing,critical_minerals,processing,medium_constraint,2025,,,0.7,0.7,investment_access;project_schedule,restrictive,IEA,IEA Policies Database,https://www.whitehouse.gov/briefings-statements/2025/10/memorandum-of-understanding-between-the-government-of-the-united-states-of-america-and-the-government-of-the-kingdom-of-thailand-concerning-cooperation-to-diversify-global-critical-minerals-supply-cha/,0.9999999999999999,2026-06-14
policy_thailand_us_thailand_memorandum_of_understanding_concerning_cooperation_to_diversify_global_critical_minerals_sup,US-Thailand Memorandum of Understanding Concerning Cooperation to Diversify Global Critical Minerals Supply Chains and Promote Investments,Thailand,Other,local_processing,domestic_processing,critical_minerals,processing,medium_constraint,2025,,,0.7,0.7,investment_access;project_schedule,restrictive,IEA,IEA Policies Database,https://www.whitehouse.gov/briefings-statements/2025/10/memorandum-of-understanding-between-the-government-of-the-united-states-of-america-and-the-government-of-the-kingdom-of-thailand-concerning-cooperation-to-diversify-global-critical-minerals-supply-cha/,0.9999999999999999,2026-06-14
policy_united_states_us_cambodia_agreement_on_reciprocal_trade_2025,US-Cambodia Agreement on Reciprocal Trade,United States,North America,unknown,unknown,critical_minerals,refining,hard_constraint,2025,,,0.9,0.7,policy_compliance,neutral,IEA,IEA Policies Database,https://www.whitehouse.gov/briefings-statements/2025/10/agreement-between-the-united-states-of-america-and-the-kingdom-of-cambodia-on-reciprocal-trade/,0.8999999999999999,2026-06-14
policy_cambodia_us_cambodia_agreement_on_reciprocal_trade_2025,US-Cambodia Agreement on Reciprocal Trade,Cambodia,Other,unknown,unknown,critical_minerals,refining,hard_constraint,2025,,,0.9,0.7,policy_compliance,neutral,IEA,IEA Policies Database,https://www.whitehouse.gov/briefings-statements/2025/10/agreement-between-the-united-states-of-america-and-the-kingdom-of-cambodia-on-reciprocal-trade/,0.8999999999999999,2026-06-14
policy_korea_us_korea_critical_minerals_arrangement_2025,US-Korea Critical Minerals Arrangement,Korea,Other,unknown,unknown,critical_minerals,refining,unknown,2025,,,0.4,0.7,policy_compliance,neutral,IEA,IEA Policies Database,https://www.whitehouse.gov/fact-sheets/2025/10/fact-sheet-president-donald-j-trump-brings-home-more-billion-dollar-deals-during-state-visit-to-the-republic-of-korea/,0.8999999999999999,2026-06-14
policy_united_states_us_korea_critical_minerals_arrangement_2025,US-Korea Critical Minerals Arrangement,United States,North America,unknown,unknown,critical_minerals,refining,unknown,2025,,,0.4,0.7,policy_compliance,neutral,IEA,IEA Policies Database,https://www.whitehouse.gov/fact-sheets/2025/10/fact-sheet-president-donald-j-trump-brings-home-more-billion-dollar-deals-during-state-visit-to-the-republic-of-korea/,0.8999999999999999,2026-06-14
policy_united_states_us_argentina_framework_for_an_agreement_on_reciprocal_trade_and_investment_2025,US-Argentina Framework for an Agreement on Reciprocal Trade and Investment,United States,North America,unknown,unknown,critical_minerals,general_policy,unknown,2025,,,0.4,0.7,policy_compliance,neutral,IEA,IEA Policies Database,https://www.whitehouse.gov/briefings-statements/2025/11/joint-statement-on-framework-for-a-united-states-argentina-agreement-on-reciprocal-trade-and-investment/,0.8999999999999999,2026-06-14
policy_argentina_us_argentina_framework_for_an_agreement_on_reciprocal_trade_and_investment_2025,US-Argentina Framework for an Agreement on Reciprocal Trade and Investment,Argentina,South America,unknown,unknown,critical_minerals,general_policy,unknown,2025,,,0.4,0.7,policy_compliance,neutral,IEA,IEA Policies Database,https://www.whitehouse.gov/briefings-statements/2025/11/joint-statement-on-framework-for-a-united-states-argentina-agreement-on-reciprocal-trade-and-investment/,0.8999999999999999,2026-06-14
policy_united_states_quad_critical_minerals_initiative_2025,Quad Critical Minerals Initiative,United States,North America,unknown,unknown,critical_minerals,refining,unknown,2025,,,0.4,0.7,policy_compliance,neutral,IEA,IEA Policies Database,https://www.state.gov/releases/office-of-the-spokesperson/2025/07/joint-statement-from-the-quad-foreign-ministers-meeting-in-washington/,0.8999999999999999,2026-06-14
policy_india_quad_critical_minerals_initiative_2025,Quad Critical Minerals Initiative,India,Other,unknown,unknown,critical_minerals,refining,unknown,2025,,,0.4,0.7,policy_compliance,neutral,IEA,IEA Policies Database,https://www.state.gov/releases/office-of-the-spokesperson/2025/07/joint-statement-from-the-quad-foreign-ministers-meeting-in-washington/,0.8999999999999999,2026-06-14
policy_japan_quad_critical_minerals_initiative_2025,Quad Critical Minerals Initiative,Japan,Other,unknown,unknown,critical_minerals,refining,unknown,2025,,,0.4,0.7,policy_compliance,neutral,IEA,IEA Policies Database,https://www.state.gov/releases/office-of-the-spokesperson/2025/07/joint-statement-from-the-quad-foreign-ministers-meeting-in-washington/,0.8999999999999999,2026-06-14
policy_australia_quad_critical_minerals_initiative_2025,Quad Critical Minerals Initiative,Australia,Oceania,unknown,unknown,critical_minerals,refining,unknown,2025,,,0.4,0.7,policy_compliance,neutral,IEA,IEA Policies Database,https://www.state.gov/releases/office-of-the-spokesperson/2025/07/joint-statement-from-the-quad-foreign-ministers-meeting-in-washington/,0.8999999999999999,2026-06-14
policy_new_zealand_critical_minerals_list_for_new_zealand_2025,Critical Minerals List for New Zealand,New Zealand,Other,unknown,unknown,critical_minerals,general_policy,unknown,2025,,,0.4,0.7,policy_compliance,neutral,IEA,IEA Policies Database,https://www.mbie.govt.nz/assets/a-critical-minerals-list-for-new-zealand.pdf,0.8999999999999999,2026-06-14
policy_new_zealand_minerals_strategy_for_new_zealand_to_2040_2025,Minerals Strategy for New Zealand to 2040,New Zealand,Other,local_processing,domestic_processing,critical_minerals,processing,medium_constraint,2025,,,0.7,0.7,investment_access;project_schedule,restrictive,IEA,IEA Policies Database,https://www.mbie.govt.nz/assets/a-minerals-strategy-for-new-zealand-to-2040.pdf,0.9999999999999999,2026-06-14
policy_zambia_geological_and_minerals_development_act_2025_2025,Geological and Minerals Development Act 2025,Zambia,Other,local_processing,domestic_processing,general_mining,processing,medium_constraint,2025,,,0.7,0.55,investment_access;project_schedule,restrictive,IEA,IEA Policies Database,https://www.parliament.gov.zm/sites/default/files/documents/acts/Acts%20No.%202%20of%202025%2C%20The%20Geological%20Minerals%20Development.pdf,0.9999999999999999,2026-06-14
policy_india_policy_for_exploration_of_critical_minerals_in_new_projects_and_recovery_of_critical_minerals_from_overburd,"Policy for Exploration of Critical Minerals in New Projects and Recovery of Critical Minerals from Overburden, Dumps and Tailings of Existing Mines, 2025",India,Other,permitting,project_license,critical_minerals,project_approval,hard_constraint,2026,,,0.9,0.7,project_schedule,restrictive,IEA,IEA Policies Database,https://mines.gov.in/admin/download/696db55d0647f1768797533.pdf,0.9999999999999999,2026-06-14
policy_united_states_us_kazakhstan_memorandum_of_understanding_on_critical_minerals_cooperation_2025,US-Kazakhstan Memorandum of Understanding on Critical Minerals Cooperation,United States,North America,unknown,unknown,critical_minerals,general_policy,unknown,2025,,,0.4,0.7,policy_compliance,neutral,IEA,IEA Policies Database,https://www.state.gov/releases/office-of-the-spokesperson/2025/11/a-new-era-in-u-s-kazakhstan-relations,0.8999999999999999,2026-06-14
policy_kazakhstan_us_kazakhstan_memorandum_of_understanding_on_critical_minerals_cooperation_2025,US-Kazakhstan Memorandum of Understanding on Critical Minerals Cooperation,Kazakhstan,Other,unknown,unknown,critical_minerals,general_policy,unknown,2025,,,0.4,0.7,policy_compliance,neutral,IEA,IEA Policies Database,https://www.state.gov/releases/office-of-the-spokesperson/2025/11/a-new-era-in-u-s-kazakhstan-relations,0.8999999999999999,2026-06-14
policy_australia_critical_minerals_strategic_reserve_2025,Critical Minerals Strategic Reserve,Australia,Oceania,unknown,unknown,critical_minerals,general_policy,unknown,2025,,,0.4,0.7,policy_compliance,neutral,IEA,IEA Policies Database,https://www.pmc.gov.au/domestic-policy/critical-minerals-strategic-reserve,0.8999999999999999,2026-06-14
policy_mexico_electric_sector_development_plan_2025_2039_2025,Electric Sector Development Plan 2025-2039,Mexico,Other,unknown,unknown,lithium,general_policy,unknown,2025,,,0.4,0.9,policy_compliance,neutral,IEA,IEA Policies Database,https://www.dof.gob.mx/nota_detalle.php?codigo=5770297&fecha=17/10/2025#gsc.tab=0,0.8999999999999999,2026-06-14
policy_brazil_transformative_investment_programme_for_energy_efficiency_in_industry_potencializee_2026,Transformative Investment Programme for Energy Efficiency in Industry (PotencializEE),Brazil,South America,unknown,unknown,unknown,general_policy,unknown,2026,,,0.4,0.35,policy_compliance,neutral,IEA,IEA Policies Database,https://www.gov.br/mme/pt-br/assuntos/ee/potencializee,0.8999999999999999,2026-06-14
policy_colombia_taxi_modernisation_programme_2025,Taxi Modernisation Programme,Colombia,Other,tax_royalty,tax_change,unknown,refining,medium_constraint,2025,,,0.7,0.35,procurement_cost;valuation_impact,restrictive,IEA,IEA Policies Database,https://mintransporte.gov.co/publicaciones/12157/fopat/,0.9999999999999999,2026-06-14
policy_ecuador_budget_2026_compensations_to_mitigate_the_impact_of_the_gradual_elimination_of_fuel_subsidies_2026,Budget 2026 - compensations to mitigate the impact of the gradual elimination of fuel subsidies,Ecuador,Other,tax_royalty,tax_change,unknown,general_policy,medium_constraint,2026,,,0.7,0.35,procurement_cost;valuation_impact,restrictive,IEA,IEA Policies Database,https://www.primicias.ec/economia/proforma-subsidio-diesel-bonos-transportistas-daniel-noboa-108607/,0.9999999999999999,2026-06-14
policy_ukraine_affordable_loans_at_5_7_9_to_companies_2026,Affordable loans at 5-7-9% to companies,Ukraine,Other,unknown,unknown,unknown,financing,unknown,2026,,,0.4,0.35,policy_compliance,neutral,IEA,IEA Policies Database,https://me.gov.ua/News/Detail/f8c7bd27-5bb1-4c37-a8e4-6ce8ed7b0da7?lang=uk-UA&isSpecial=True&title=VidnovliumoEnergoteplogeneratsiiu-UriadRozshirivProgramudostupniKrediti5-7-9-,0.8999999999999999,2026-06-14
policy_ukraine_eco_modernisation_of_industries_2026,Eco-modernisation of industries,Ukraine,Other,unknown,unknown,unknown,general_policy,unknown,2026,,,0.4,0.35,policy_compliance,neutral,IEA,IEA Policies Database,https://www.kmu.gov.ua/news/ekomodernizatsiia-pidpryiemstv-uriad-zatverdyv-prohramu-vprovadzhennia-naikrashchykh-dostupnykh-tekhnolohii-do-2030-roku,0.8999999999999999,2026-06-14
policy_serbia_law_on_the_tax_on_import_of_carbon_intensive_products_2026,Law on the Tax on Import of Carbon-Intensive Products,Serbia,Other,tax_royalty,tax_change,unknown,general_policy,medium_constraint,2026,,,0.7,0.35,procurement_cost;valuation_impact,restrictive,IEA,IEA Policies Database,https://purs.gov.rs/upload/media/2025/12/15/760521/%D0%97a%D0%BA%D0%BE%D0%BD_%D0%BE_%D0%BF%D0%BE%D1%80%D0%B5%D0%B7%D0%B8%D0%BC%D0%B0_%D0%BD%D0%B0_%D1%83%D0%B2%D0%BE%D0%B7_%D1%83%D0%B3%D1%99%D0%B5%D0%BD%D0%B8%D1%87%D0%BD%D0%BE_%D0%B8%D0%BD%D1%82%D0%B5%D0%BD%D0%B7%D0%B8%D0%B2%D0%BD%D0%B8%D1%85_%D0%BF%D1%80%D0%BE%D0%B8%D0%B7%D0%B2%D0%BE%D0%B4%D0%B0.pdf,0.9999999999999999,2026-06-14
policy_kazakhstan_modernization_of_energy_and_communal_sectors_meks_2025_2029_2025,Modernization of Energy and Communal Sectors (MEKS) 2025â2029,Kazakhstan,Other,environment_policy,unknown,unknown,environmental_permitting,medium_constraint,2025,,,0.7,0.35,project_schedule;policy_compliance,restrictive,IEA,IEA Policies Database,https://adilet.zan.kz/kaz/docs/P2400001102/history,0.9999999999999999,2026-06-14
policy_serbia_law_on_mandatory_reserves_of_oil_law_on_mandatory_reserve_of_oil_derivatives_and_law_on_mandatory_reserve_,"Law on mandatory reserves of oil, law on mandatory reserve of oil derivatives and law on mandatory reserve of natural gas",Serbia,Other,unknown,unknown,unknown,general_policy,hard_constraint,2025,,,0.9,0.35,policy_compliance,neutral,IEA,IEA Policies Database,https://www.mre.gov.rs/vest/13588/narodna-skupstina-usvojila-zakon-o-nafti-zakon-o-gasu-i-zakon-o-obaveznim-rezervama-nafte-derivata-nafte-i-prirodnog-gasa.php,0.8999999999999999,2026-06-14
policy_algeria_support_for_the_acquisition_and_implementation_of_high_performance_industrial_equipment_and_or_processes_,Support for the acquisition and implementation of high-performance industrial equipment and/or processes,Algeria,Other,subsidy_support,unknown,unknown,financing,support_policy,2025,,,0.35,0.35,supply_stability,supportive,IEA,IEA Policies Database,https://aprue.org.dz/fr/programmes-publics/programme-national-de-maitrise-de-lenergie/industrie/,0.9999999999999999,2026-06-14
policy_cote_d_ivoire_integrated_mineral_resources_and_energy_policy_pirme_2025,Integrated Mineral Resources and Energy Policy (PIRME),Cote D'ivoire,Other,unknown,unknown,general_mining,general_policy,unknown,2025,,,0.4,0.55,policy_compliance,neutral,IEA,IEA Policies Database,https://www.energie.gouv.ci/actualite/la-cote-divoire-deploie-la-pirme-sa-premiere-strategie-integree-secteur-extractif-energie-pour-accelerer-sa-transformation-economique-69330b845665d,0.8999999999999999,2026-06-14
policy_angola_angola_biofuels_strategy_2025_2050_2025,Angola Biofuels Strategy (2025-2050),Angola,Other,strategic_plan,unknown,unknown,general_policy,soft_policy,2025,,,0.45,0.35,policy_compliance,supportive,IEA,IEA Policies Database,https://c2a.portais.gov.ao/uploads/ESTRATEGIA_BIOCOMBUSTIVEIS_2025_2050_3a38ebcf09.pdf,0.9999999999999999,2026-06-14
policy_ethiopia_ethiopia_e_mobility_strategy_and_implementation_plan_2025,Ethiopia E-Mobility Strategy and Implementation Plan,Ethiopia,Other,tax_royalty,tax_change,unknown,financing,hard_constraint,2025,,,0.9,0.35,procurement_cost;valuation_impact,restrictive,IEA,IEA Policies Database,https://www.motl.gov.et/sites/default/files/resource/V4_Oct%2010_E-mobility%20Strategy%20and%20Implementation%20Plan.pdf,0.9999999999999999,2026-06-14
policy_nigeria_national_public_sector_solarisation_initiative_npssi_2025,National Public Sector Solarisation Initiative (NPSSI),Nigeria,Other,unknown,unknown,unknown,general_policy,unknown,2025,,,0.4,0.35,policy_compliance,neutral,IEA,IEA Policies Database,https://www.rea.gov.ng/rea-newsletter-august-2025.pdf,0.8999999999999999,2026-06-14
policy_south_africa_south_african_renewable_energy_masterplan_2025,South African Renewable Energy Masterplan,South Africa,Africa,unknown,unknown,unknown,general_policy,unknown,2025,,,0.4,0.35,policy_compliance,neutral,IEA,IEA Policies Database,https://www.gov.za/sites/default/files/gcis_document/202506/south-african-renewable-energy-masterplan.pdf,0.8999999999999999,2026-06-14
policy_serbia_law_109_2025_on_greenhouse_gas_emissions_tax_2026,Law 109/2025 on greenhouse gas emissions tax,Serbia,Other,tax_royalty,tax_change,unknown,general_policy,medium_constraint,2026,,,0.7,0.35,procurement_cost;valuation_impact,restrictive,IEA,IEA Policies Database,https://mfin.gov.rs/sr/propisi-1/zakon-o-porezu-na-emisije-gasova-sa-efektom-staklene-bate-sl-glasnik-rs-br-1092025-1,0.9999999999999999,2026-06-14
policy_chinese_taipei_carbon_fee_system_under_climate_change_response_act_2025,Carbon Fee System under Climate Change Response Act,Chinese Taipei,Other,unknown,unknown,unknown,general_policy,hard_constraint,2025,,,0.9,0.35,policy_compliance,neutral,IEA,IEA Policies Database,https://www.moenv.gov.tw/en/news/press-releases/30237.html,0.8999999999999999,2026-06-14
policy_indonesia_development_of_village_electricity_networks_and_community_gas_networks_2026,Development of village electricity networks and community gas networks,Indonesia,Asia,unknown,unknown,unknown,general_policy,unknown,2026,,,0.4,0.35,policy_compliance,neutral,IEA,IEA Policies Database,https://www.esdm.go.id/id/media-center/arsip-berita/anggaran-2026-prioritaskan-pembangunan-listrik-desa-dan-jaringan-gas-masyarakat,0.8999999999999999,2026-06-14
policy_indonesia_value_added_tax_and_luxury_goods_tax_for_certain_electric_vehicles_2025,Value-Added Tax and Luxury Goods Tax for certain electric vehicles,Indonesia,Asia,tax_royalty,tax_change,unknown,general_policy,medium_constraint,2025,,,0.7,0.35,procurement_cost;valuation_impact,restrictive,IEA,IEA Policies Database,https://peraturan.bpk.go.id/Details/313577/pmk-no-12-tahun-2025,0.9999999999999999,2026-06-14
policy_european_union_citizens_energy_package_2026,Citizens Energy Package,European Union,Europe,tax_royalty,tax_change,unknown,general_policy,medium_constraint,2026,,,0.7,0.35,procurement_cost;valuation_impact,restrictive,IEA,IEA Policies Database,https://energy.ec.europa.eu/news/commission-boost-access-affordable-and-clean-energy-all-europeans-2026-03-10_en,0.9999999999999999,2026-06-14
policy_european_union_innovation_fund_battery_booster_facility_2026,Innovation Fund - Battery Booster Facility,European Union,Europe,strategic_plan,unknown,unknown,general_policy,soft_policy,2026,,,0.45,0.35,policy_compliance,supportive,IEA,IEA Policies Database,https://climate.ec.europa.eu/eu-action/eu-funding-climate-action/innovation-fund/battery-booster-facility_en,0.9999999999999999,2026-06-14
policy_european_union_clean_energy_investment_strategy_2026,Clean Energy Investment Strategy,European Union,Europe,strategic_plan,unknown,unknown,general_policy,hard_constraint,2026,,,0.9,0.35,policy_compliance,supportive,IEA,IEA Policies Database,https://eur-lex.europa.eu/legal-content/EN/TXT/?uri=CELEX%3A52026DC0116&qid=1773310237995,0.9999999999999999,2026-06-14
policy_croatia_incentives_for_energy_renovation_to_combat_energy_poverty_2025,Incentives for energy renovation to combat energy poverty,Croatia,Other,environment_policy,unknown,unknown,general_policy,medium_constraint,2025,,,0.7,0.35,project_schedule;policy_compliance,restrictive,IEA,IEA Policies Database,https://build-up.ec.europa.eu/en/news-and-events/news/croatia-allocates-eu25-million-energy-renovation-combat-energy-poverty,0.9999999999999999,2026-06-14
policy_croatia_programme_for_the_procurement_of_vehicles_with_alternative_drivetrains_for_public_local_and_regional_tran,Programme for the Procurement of Vehicles with Alternative Drivetrains for Public Local and Regional Transport,Croatia,Other,unknown,unknown,unknown,general_policy,unknown,2026,,,0.4,0.35,policy_compliance,neutral,IEA,IEA Policies Database,https://alternative-fuels-observatory.ec.europa.eu/general-information/news/croatia-completes-funding-round-206-electric-buses-advancing-clean-public,0.8999999999999999,2026-06-14
policy_czech_republic_programme_to_support_strategic_investments_2025_2033_2025,Programme to support strategic investments 2025-2033,Czech Republic,Other,unknown,unknown,unknown,general_policy,unknown,2025,,,0.4,0.35,policy_compliance,neutral,IEA,IEA Policies Database,https://mpo.gov.cz/cz/rozcestnik/pro-media/tiskove-zpravy/vlada-schvalila-novy-program-na-podporu-strategickych-investic--pomuze-nejen-s-transformaci-prumyslu--285229/,0.8999999999999999,2026-06-14
policy_greece_clean_industrial_deal_state_aid_framework_2026,Clean Industrial Deal State Aid Framework,Greece,Other,unknown,unknown,unknown,general_policy,unknown,2026,,,0.4,0.35,policy_compliance,neutral,IEA,IEA Policies Database,https://ec.europa.eu/commission/presscorner/detail/es/ip_26_449,0.8999999999999999,2026-06-14
policy_france_aap_decarb_flash_2025,AAP DECARB FLASH,France,Europe,unknown,unknown,unknown,general_policy,unknown,2025,,,0.4,0.35,policy_compliance,neutral,IEA,IEA Policies Database,https://agirpourlatransition.ademe.fr/entreprises/aides-financieres/catalogue/aap/decarb-flash-2025-2027,0.8999999999999999,2026-06-14
policy_france_major_industrial_decarbonisation_projects_2026,Major Industrial Decarbonisation Projects,France,Europe,unknown,unknown,unknown,general_policy,unknown,2026,,,0.4,0.35,policy_compliance,neutral,IEA,IEA Policies Database,https://www.entreprises.gouv.fr/la-dge/actualites/sept-projets-laureats-de-lappel-doffres-grands-projets-industriels-de,0.8999999999999999,2026-06-14
policy_hungary_scheme_for_manufacturing_capacity_for_clean_technologies_2025,Scheme for manufacturing capacity for clean technologies,Hungary,Other,tax_royalty,tax_change,unknown,financing,medium_constraint,2025,,,0.7,0.35,procurement_cost;valuation_impact,restrictive,IEA,IEA Policies Database,https://ec.europa.eu/commission/presscorner/detail/en/ip_25_3091,0.9999999999999999,2026-06-14
policy_hungary_home_energy_storage_programme_2026,Home Energy Storage Programme,Hungary,Other,subsidy_support,unknown,unknown,financing,support_policy,2026,,,0.35,0.35,supply_stability,supportive,IEA,IEA Policies Database,https://kormany.hu/otthonienergiatarolo,0.9999999999999999,2026-06-14
policy_malta_malta_updated_national_energy_and_climate_plan_2025,Malta updated National Energy and Climate Plan,Malta,Other,unknown,unknown,unknown,general_policy,unknown,2025,,,0.4,0.35,policy_compliance,neutral,IEA,IEA Policies Database,https://commission.europa.eu/document/download/fa771c65-e790-4e83-a373-5449283bac3c_en?filename=MT%20%E2%80%93%20FINAL%20UPDATED%20NECP%202021-%202030%20%28English%29.pdf,0.8999999999999999,2026-06-14
policy_finland_clean_transition_aid_scheme_for_industrial_investments_2025,Clean Transition Aid Scheme for Industrial Investments,Finland,Europe,subsidy_support,unknown,unknown,financing,support_policy,2025,,,0.35,0.35,supply_stability,supportive,IEA,IEA Policies Database,https://valtioneuvosto.fi/en/-/1410877/government-adopts-clean-transition-aid-scheme-for-industrial-investments-eur-400-million-reserved-for-2025,0.9999999999999999,2026-06-14
policy_ireland_climate_action_plan_2025_cap25_2025,Climate Action Plan 2025 (CAP25),Ireland,Other,tax_royalty,tax_change,unknown,general_policy,medium_constraint,2025,,,0.7,0.35,procurement_cost;valuation_impact,restrictive,IEA,IEA Policies Database,https://assets.gov.ie/static/documents/c491032e/DECC_Climate_Action_Plan_2025_Main_Report_-_Final_Web.pdf,0.9999999999999999,2026-06-14
policy_ireland_business_energy_upgrades_scheme_2025_2025,Business Energy Upgrades Scheme (2025),Ireland,Other,subsidy_support,unknown,unknown,project_approval,support_policy,2025,,,0.35,0.35,supply_stability,supportive,IEA,IEA Policies Database,https://www.gov.ie/en/department-of-climate-energy-and-the-environment/press-releases/minister-darragh-obrien-officially-launches-the-business-energy-upgrades-scheme/,0.9999999999999999,2026-06-14
policy_ireland_strategic_gas_emergency_reserve_fsru_2025,Strategic Gas Emergency Reserve (FSRU),Ireland,Other,unknown,unknown,unknown,general_policy,unknown,2025,,,0.4,0.35,policy_compliance,neutral,IEA,IEA Policies Database,https://www.gov.ie/en/department-of-climate-energy-and-the-environment/press-releases/government-approves-development-of-state-led-strategic-gas-emergency-reserve/,0.8999999999999999,2026-06-14
policy_lithuania_electricity_storage_facilities_support_programme_2025,Electricity storage facilities support programme,Lithuania,Other,subsidy_support,unknown,unknown,financing,support_policy,2025,,,0.35,0.35,supply_stability,supportive,IEA,IEA Policies Database,https://enmin.lrv.lt/lt/naujienos/paskelbtas-45-mln-eur-kvietimas-dideles-galios-elektros-energijos-kaupimo-irenginiams-5chV/,0.9999999999999999,2026-06-14
policy_malta_schemes_to_support_renewable_energy_projects_by_households_2025,Schemes to support renewable energy projects by households,Malta,Other,unknown,unknown,unknown,general_policy,unknown,2025,,,0.4,0.35,policy_compliance,neutral,IEA,IEA Policies Database,https://www.gov.mt/en/Government/DOI/Press%20Releases/Pages/2025/02/24/pr250313en.aspx,0.8999999999999999,2026-06-14
policy_portugal_incentive_system_for_climate_and_energy_transition_sitce_2026,Incentive System for Climate and Energy Transition (SITCE),Portugal,Europe,unknown,unknown,unknown,general_policy,unknown,2026,,,0.4,0.35,policy_compliance,neutral,IEA,IEA Policies Database,https://www.compete2030.gov.pt/avisos/sitce-descarbonizacao-e-eficiencia-energetica-mpr-2026-01/,0.8999999999999999,2026-06-14
policy_portugal_grants_for_the_purchase_of_electric_taxis_2025,Grants for the purchase of electric taxis,Portugal,Europe,tax_royalty,tax_change,unknown,financing,medium_constraint,2025,,,0.7,0.35,procurement_cost;valuation_impact,restrictive,IEA,IEA Policies Database,https://www.portugal.gov.pt/pt/gc24/comunicacao/noticia?i=governo-reforca-com-mais-um-milhao-de-euros-o-apoio-a-modernizacao-do-setor-dos-taxis,0.9999999999999999,2026-06-14
policy_portugal_investment_to_the_installation_of_battery_energy_storage_systems_2026,Investment to the installation of battery energy storage systems,Portugal,Europe,unknown,unknown,unknown,general_policy,unknown,2026,,,0.4,0.35,policy_compliance,neutral,IEA,IEA Policies Database,https://www.portugal.gov.pt/pt/gc25/comunicacao/comunicado?i=mais-de-60-milhoes-de-euros-para-a-resiliencia-da-rede-eletrica-nacional-,0.8999999999999999,2026-06-14
policy_india_scheme_to_promote_manufacturing_of_sintered_rare_earth_permanent_magnet_2026,Scheme to Promote Manufacturing of Sintered Rare Earth Permanent Magnet,India,Other,subsidy_support,unknown,unknown,financing,support_policy,2026,,,0.35,0.35,supply_stability,supportive,IEA,IEA Policies Database,https://heavyindustries.gov.in/sites/default/files/2025-12/scheme_notification_0.pdf,0.9999999999999999,2026-06-14
policy_luxembourg_clean_technology_manufacturing_support_scheme_2026_2030_2026,Clean technology manufacturing support scheme 2026-2030,Luxembourg,Other,subsidy_support,unknown,unknown,financing,support_policy,2026,,,0.35,0.35,supply_stability,supportive,IEA,IEA Policies Database,https://luxembourg.representation.ec.europa.eu/actualites-et-evenements/actualites/kommission-genehmigt-mit-500-mio-eur-ausgestattete-luxemburgische-beihilferegelung-zur-forderung-von-2026-03-27_fr,0.9999999999999999,2026-06-14
policy_poland_lower_fuel_prices_package_2026,Lower Fuel Prices Package,Poland,Other,tax_royalty,tax_change,unknown,general_policy,medium_constraint,2026,,,0.7,0.35,procurement_cost;valuation_impact,restrictive,IEA,IEA Policies Database,https://www.gov.pl/web/finanse/rzad-po-raz-kolejny-przedluzyl-nizszy-vat-i-akcyze-w-ramach-pakietu-paliwowego,0.9999999999999999,2026-06-14
policy_india_national_programme_on_advanced_chemistry_cell_acc_battery_storage_2025,National Programme on Advanced Chemistry Cell (ACC) Battery Storage,India,Other,unknown,unknown,unknown,general_policy,unknown,2025,,,0.4,0.35,policy_compliance,neutral,IEA,IEA Policies Database,https://www.pib.gov.in/PressReleaseIframePage.aspx?PRID=2112233&reg=3&lang=2,0.8999999999999999,2026-06-14
policy_india_assistance_in_deploying_energy_efficient_technologies_in_industries_establishments_adeetie_2025,Assistance in Deploying Energy Efficient Technologies in Industries & Establishments (ADEETIE),India,Other,unknown,unknown,unknown,financing,unknown,2025,,,0.4,0.35,policy_compliance,neutral,IEA,IEA Policies Database,https://www.pib.gov.in/PressReleasePage.aspx?PRID=2144822&reg=3&lang=2,0.8999999999999999,2026-06-14
policy_people_s_republic_of_china_key_research_directions_for_green_and_low_carbon_standards_in_industry_and_information,Key Research Directions for Green and Low-Carbon Standards in Industry and Information Technology (2025-2027),People's Republic of China,Other,environment_policy,recycling_support,unknown,environmental_permitting,medium_constraint,2025,,,0.7,0.35,project_schedule;policy_compliance,restrictive,IEA,IEA Policies Database,https://www.miit.gov.cn/zwgk/zcwj/wjfb/tz/art/2025/art_e9123ba56ce74d74b09124019c7d509b.html,0.9999999999999999,2026-06-14
policy_people_s_republic_of_china_new_energy_vehicle_tax_exemption_half_rate_2026,New Energy Vehicle Tax Exemption (half rate),People's Republic of China,Other,tax_royalty,tax_change,unknown,general_policy,medium_constraint,2026,,,0.7,0.35,procurement_cost;valuation_impact,restrictive,IEA,IEA Policies Database,https://guangdong.chinatax.gov.cn/gdsw/wwkjxz/2023-10/17/c7395b50dcbb42c3ad35a77b478198b5/files/2d620e0186054ea796c0fcc4ae67f2fd.pptx,0.9999999999999999,2026-06-14
policy_republic_of_turkiye_support_for_solar_and_wind_projects_2025,Support for Solar and Wind Projects,Republic of Turkiye,Other,subsidy_support,unknown,general_mining,financing,support_policy,2025,,,0.35,0.55,supply_stability,supportive,IEA,IEA Policies Database,https://enerji.gov.tr/haber-detay?id=31608,0.9999999999999999,2026-06-14
policy_canada_investment_in_battery_innovation_and_production_projects_2025,Investment in battery innovation and production projects,Canada,North America,unknown,unknown,unknown,general_policy,unknown,2025,,,0.4,0.35,policy_compliance,neutral,IEA,IEA Policies Database,https://www.canada.ca/en/natural-resources-canada/news/2025/10/canada-advances-battery-innovation-with-made-in-canada-technology0.html,0.8999999999999999,2026-06-14
policy_canada_electric_vehicle_affordability_program_evap_2026,Electric Vehicle Affordability Program (EVAP),Canada,North America,unknown,unknown,unknown,general_policy,unknown,2026,,,0.4,0.35,policy_compliance,neutral,IEA,IEA Policies Database,https://tc.canada.ca/en/road-transportation/innovative-technologies/electric-vehicles/electric-vehicle-affordability-program,0.8999999999999999,2026-06-14
policy_israel_national_energy_efficiency_programme_energy_efficiency_and_decarbonation_promotion_2025,National Energy Efficiency Programme - energy efficiency and decarbonation promotion,Israel,Other,unknown,unknown,unknown,refining,unknown,2025,,,0.4,0.35,policy_compliance,neutral,IEA,IEA Policies Database,https://www.gov.il/en/pages/energy-efficiency-plan,0.8999999999999999,2026-06-14
policy_israel_purchase_tax_on_electric_vehicles_2026,Purchase tax on electric vehicles,Israel,Other,tax_royalty,tax_change,unknown,general_policy,medium_constraint,2026,,,0.7,0.35,procurement_cost;valuation_impact,restrictive,IEA,IEA Policies Database,https://www.timesofisrael.com/wave-of-price-rises-and-tax-hikes-takes-effect-fueling-costs-for-israelis-in-2026/,0.9999999999999999,2026-06-14
policy_india_transition_from_rapid_expansion_to_system_integration_2025,Transition from Rapid Expansion to System Integration,India,Other,strategic_plan,unknown,unknown,general_policy,soft_policy,2025,,,0.45,0.35,policy_compliance,supportive,IEA,IEA Policies Database,https://www.pib.gov.in/PressReleasePage.aspx?PRID=2181433&reg=3&lang=2,0.9999999999999999,2026-06-14
policy_bangladesh_renewable_energy_policy_2025_2025,Renewable Energy Policy 2025,Bangladesh,Other,tax_royalty,tax_change,general_mining,general_policy,medium_constraint,2025,,,0.7,0.55,procurement_cost;valuation_impact,restrictive,IEA,IEA Policies Database,https://objectstorage.ap-dcc-gazipur-1.oraclecloud15.com/n/axvjbnqprylg/b/V2Ministry/o/office-powercell/2024/12/e090083ecd2142208d945bcb086334e0.pdf,0.9999999999999999,2026-06-14
policy_india_customs_duty_exemptions_on_import_of_critical_minerals_scrap_and_capital_goods_for_manufacturing_ev_batteri,Customs duty exemptions on import of critical minerals scrap and capital goods for manufacturing EV batteries,India,Other,unknown,unknown,lithium,general_policy,unknown,2025,,,0.4,0.9,policy_compliance,neutral,IEA,IEA Policies Database,https://www.indiabudget.gov.in/doc/Finance_Bill.pdf,0.8999999999999999,2026-06-14
policy_india_customs_duty_exemptions_on_import_of_goods_for_processing_critical_minerals_2026,Customs duty exemptions on import of goods for processing critical minerals,India,Other,local_processing,domestic_processing,lithium,processing,hard_constraint,2026,,,0.9,0.9,investment_access;project_schedule,restrictive,IEA,IEA Policies Database,https://www.indiabudget.gov.in/doc/Finance_Bill.pdf,0.9999999999999999,2026-06-14
policy_india_mines_and_minerals_development_and_regulation_amendment_act_2025_2025,"Mines and Minerals (Development and Regulation) Amendment Act, 2025",India,Other,tax_royalty,export_ban_concentrate,general_mining,concentrate_export,medium_constraint,2025,,,0.7,0.55,procurement_cost;valuation_impact,restrictive,IEA,IEA Policies Database,https://mines.gov.in/admin/download/68ac5fc3960e81756127171.pdf,0.9999999999999999,2026-06-14
policy_canada_sustainable_jobs_action_plan_2026_2030_2026,Sustainable Jobs Action Plan 2026-2030,Canada,North America,tax_royalty,tax_change,general_mining,project_approval,hard_constraint,2026,,,0.9,0.55,procurement_cost;valuation_impact,restrictive,IEA,IEA Policies Database,https://natural-resources.canada.ca/sustainable-jobs/building-prosperous-future-workers-communities-canada-s-2026-2030-sustainable-jobs-action-plan,0.9999999999999999,2026-06-14
policy_canada_climate_competitiveness_strategy_2025,Climate Competitiveness Strategy,Canada,North America,tax_royalty,tax_change,unknown,financing,medium_constraint,2025,,,0.7,0.35,procurement_cost;valuation_impact,restrictive,IEA,IEA Policies Database,https://budget.canada.ca/2025/report-rapport/chap1-en.html#a20,0.9999999999999999,2026-06-14
policy_austria_photovoltaic_subsidy_programmes_and_other_environmental_subsidies_2026,Photovoltaic subsidy programmes and other environmental subsidies,Austria,Other,subsidy_support,unknown,unknown,financing,support_policy,2026,,,0.35,0.35,supply_stability,supportive,IEA,IEA Policies Database,https://www.oesterreich.gv.at/de/themen/umwelt_und_klima/energie_und_ressourcen_sparen/1/Seite.2430320,0.9999999999999999,2026-06-14
iea_28974_zimbabwe_lithium_ore_export_control_2022_policy_zimbabwe_export_control_on_lithium_ore_in_zimbabwe_2022,Export control on Lithium ore in Zimbabwe,Zimbabwe,Africa,export_control,export_control_general,lithium,ore_export,hard_constraint,2022,,,0.9,0.9,resource_security,restrictive,IEA,IEA Policies Database,https://www.iea.org/policies/28974-export-control-on-lithium-ore-in-zimbabwe,0.9999999999999999,2026-06-14
iea_28974_zimbabwe_lithium_concentrate_export_ban_2027_policy_zimbabwe_ban_on_lithium_concentrates_export_2027,Ban on lithium concentrates export,Zimbabwe,Africa,export_control,export_ban_concentrate,lithium,concentrate_export,hard_constraint,2027,,,0.9,0.9,resource_security,restrictive,IEA,IEA Policies Database,https://www.iea.org/policies/28974-export-control-on-lithium-ore-in-zimbabwe,0.9999999999999999,2026-06-14
iea_25039_zimbabwe_base_minerals_export_control_policy_zimbabwe_base_minerals_export_control_2024,Base Minerals Export Control,Zimbabwe,Africa,export_control,export_control_general,lithium,ore_export,hard_constraint,2024,,,0.9,0.9,resource_security,restrictive,IEA,IEA Policies Database,https://www.iea.org/policies/25039-base-minerals-export-control,0.9999999999999999,2026-06-14
iea_26068_zimbabwe_strategic_minerals_list_policy_zimbabwe_zimbabwe_s_strategic_minerals_list_2023,Zimbabwe's Strategic Minerals List,Zimbabwe,Africa,strategic_plan,unknown,lithium,general_policy,soft_policy,2023,,,0.45,0.9,policy_compliance,supportive,IEA,IEA Policies Database,https://www.iea.org/policies/26068-zimbabwes-strategic-minerals-list,0.9999999999999999,2026-06-14
iea_26066_zimbabwe_mining_tax_regime_policy_zimbabwe_amendments_to_zimbabwe_s_mining_tax_regime_2024,Amendments to Zimbabwe's Mining Tax Regime,Zimbabwe,Africa,tax_royalty,royalty_increase,lithium,general_policy,medium_constraint,2024,,,0.7,0.9,procurement_cost;valuation_impact,restrictive,IEA,IEA Policies Database,https://www.iea.org/policies/26066-amendments-to-zimbabwes-mining-tax-regime,0.9999999999999999,2026-06-14
iea_17958_chile_national_lithium_strategy_policy_chile_national_lithium_strategy_2023,National Lithium Strategy,Chile,South America,state_control,lithium_strategy,lithium,investment_access,medium_constraint,2023,,,0.7,0.9,investment_access;valuation_impact,restrictive,IEA,IEA Policies Database,https://www.iea.org/policies/17958-national-lithium-strategy,0.9999999999999999,2026-06-14
iea_15871_canada_critical_minerals_strategy_policy_canada_canada_s_critical_minerals_strategy_2022,Canada's Critical Minerals Strategy,Canada,North America,strategic_plan,critical_minerals_strategy,critical_minerals,general_policy,soft_policy,2022,,,0.45,0.7,policy_compliance,supportive,IEA,IEA Policies Database,https://www.iea.org/policies/15871-canadas-critical-minerals-strategy,0.9999999999999999,2026-06-14
