event_id,decision_type,recommended_action,urgency,owner_team,deadline,trigger_condition,status
913db4840efd,立即决策,评估替代资源与采购安全库存,高,采购,本周内,P1 / 供给收缩 / 分数 195,待处理
0c2d1575df21,立即决策,更新该国资源风险敞口，暂停新增高风险项目推进,高,战略,本周内,P1 / 政策收紧 / 分数 167,待处理
391df1c08f4d,立即决策,更新该国资源风险敞口，暂停新增高风险项目推进,高,战略,本周内,P1 / 政策收紧 / 分数 167,待处理
8de4646bb52f,授权跟进,要求法务和资源投资团队复核项目假设,中,法务合规,两周内,P1 / 政策变化 / 分数 157,待处理
4d972e1d7d1a,授权跟进,要求法务和资源投资团队复核项目假设,中,法务合规,两周内,P1 / 政策变化 / 分数 157,待处理
e9e9baada130,授权跟进,更新项目开发进度和投产概率,中,资源投资,两周内,P1 / 项目审批 / 分数 155,待处理
969ee247d536,授权跟进,更新项目开发进度和投产概率,中,资源投资,两周内,P1 / 项目审批 / 分数 155,待处理
bd5df769dc31,授权跟进,要求法务和资源投资团队复核项目假设,中,法务合规,两周内,P1 / 政策变化 / 分数 155,待处理
d698e0776396,立即决策,评估替代资源与采购安全库存,高,采购,本周内,P1 / 供给收缩 / 分数 150,待处理
cf2a4c22dc41,授权跟进,纳入周度资源情报跟踪,中,市场研究,两周内,P1 / 其他 / 分数 150,待处理
a483ca30c702,立即决策,评估替代资源与采购安全库存,高,采购,本周内,P1 / 供给收缩 / 分数 150,待处理
c5c0bf72279d,立即决策,评估替代资源与采购安全库存,高,采购,本周内,P1 / 供给收缩 / 分数 147,待处理
a77166b3a2a2,授权跟进,纳入周度资源情报跟踪,中,市场研究,两周内,P1 / 其他 / 分数 145,待处理
c4c9b0eb4f3f,立即决策,更新该国资源风险敞口，暂停新增高风险项目推进,高,战略,本周内,P1 / 政策收紧 / 分数 142,待处理
ba783854d4e8,立即决策,更新该国资源风险敞口，暂停新增高风险项目推进,高,战略,本周内,P1 / 政策收紧 / 分数 142,待处理
c53ddea60124,立即决策,更新该国资源风险敞口，暂停新增高风险项目推进,高,战略,本周内,P1 / 政策收紧 / 分数 142,待处理
ebc323d6edd2,授权跟进,纳入周度资源情报跟踪,中,市场研究,两周内,P1 / 其他 / 分数 140,待处理
af1ce5a81bd3,授权跟进,纳入周度资源情报跟踪,中,市场研究,两周内,P1 / 其他 / 分数 140,待处理
2d33127e6b54,授权跟进,纳入周度资源情报跟踪,中,市场研究,两周内,P1 / 其他 / 分数 140,待处理
0c7a70688044,授权跟进,纳入周度资源情报跟踪,中,市场研究,两周内,P1 / 其他 / 分数 140,待处理
adec9aa9c451,授权跟进,纳入周度资源情报跟踪,中,市场研究,两周内,P1 / 其他 / 分数 140,待处理
4d4788773ce4,授权跟进,纳入周度资源情报跟踪,中,市场研究,两周内,P1 / 其他 / 分数 140,待处理
7843faf80f59,立即决策,评估替代资源与采购安全库存,高,采购,本周内,P1 / 供给收缩 / 分数 137,待处理
6ada615d701e,立即决策,评估替代资源与采购安全库存,高,采购,本周内,P1 / 供给收缩 / 分数 137,待处理
062db3c2e745,立即决策,评估替代资源与采购安全库存,高,采购,本周内,P1 / 供给收缩 / 分数 137,待处理
61d8e6f1a4c6,立即决策,评估替代资源与采购安全库存,高,采购,本周内,P1 / 供给收缩 / 分数 137,待处理
19ad0a5a4d3e,立即决策,评估替代资源与采购安全库存,高,采购,本周内,P1 / 供给收缩 / 分数 137,待处理
7d1c10f0922a,立即决策,评估替代资源与采购安全库存,高,采购,本周内,P1 / 供给收缩 / 分数 137,待处理
7e395d9f5a60,立即决策,评估替代资源与采购安全库存,高,采购,本周内,P1 / 供给收缩 / 分数 137,待处理
fa062f1293f7,立即决策,评估替代资源与采购安全库存,高,采购,本周内,P1 / 供给收缩 / 分数 137,待处理
c5f0ad514dae,授权跟进,更新项目开发进度和投产概率,中,资源投资,两周内,P1 / 项目审批 / 分数 135,待处理
71ad0f899545,授权跟进,评估新增供给对长期包销窗口的影响,中,战略,两周内,P1 / 供给增加 / 分数 135,待处理
ac98b0e04170,授权跟进,更新项目开发进度和投产概率,中,资源投资,两周内,P1 / 项目审批 / 分数 135,待处理
777a9fabac81,立即决策,更新该国资源风险敞口，暂停新增高风险项目推进,高,战略,本周内,P1 / 政策收紧 / 分数 132,待处理
1aac67093fcb,授权跟进,评估新增供给对长期包销窗口的影响,中,战略,两周内,P1 / 供给增加 / 分数 132,待处理
a67e0088cea1,授权跟进,更新项目进度、投产概率和资本开支假设,中,资源投资,两周内,P1 / 项目变化 / 分数 132,待处理
077946350eb0,授权跟进,更新项目进度、投产概率和资本开支假设,中,资源投资,两周内,P1 / 项目变化 / 分数 132,待处理
f62b2dfe0759,立即决策,更新该国资源风险敞口，暂停新增高风险项目推进,高,战略,本周内,P1 / 政策收紧 / 分数 132,待处理
4a8ee09e7a78,立即决策,更新该国资源风险敞口，暂停新增高风险项目推进,高,战略,本周内,P1 / 政策收紧 / 分数 132,待处理
7875521f6296,立即决策,更新该国资源风险敞口，暂停新增高风险项目推进,高,战略,本周内,P1 / 政策收紧 / 分数 132,待处理
36fd70585502,授权跟进,更新项目进度、投产概率和资本开支假设,中,资源投资,两周内,P1 / 项目变化 / 分数 132,待处理
98d55c1a65e2,授权跟进,纳入周度资源情报跟踪,中,市场研究,两周内,P1 / 其他 / 分数 130,待处理
ad94f08a5bac,授权跟进,纳入周度资源情报跟踪,中,市场研究,两周内,P1 / 其他 / 分数 130,待处理
105e8d8ce5ef,授权跟进,纳入周度资源情报跟踪,中,市场研究,两周内,P1 / 其他 / 分数 130,待处理
26867c6bfdf2,立即决策,评估替代资源与采购安全库存,高,采购,本周内,P1 / 供给收缩 / 分数 127,待处理
9857085f1cf5,授权跟进,评估是否纳入优先接触清单,中,资源投资,两周内,P1 / 投资交易 / 分数 127,待处理
dd9b51da30e7,授权跟进,评估是否纳入优先接触清单,中,资源投资,两周内,P1 / 投资交易 / 分数 127,待处理
e2d29e69e338,授权跟进,评估是否纳入优先接触清单,中,资源投资,两周内,P1 / 投资交易 / 分数 127,待处理
1d961d191b5f,授权跟进,评估是否纳入优先接触清单,中,资源投资,两周内,P1 / 投资交易 / 分数 127,待处理
5da52faeba60,授权跟进,纳入周度资源情报跟踪,中,市场研究,两周内,P1 / 其他 / 分数 127,待处理
3bb82d3ea56e,授权跟进,评估是否纳入优先接触清单,中,资源投资,两周内,P1 / 投资交易 / 分数 127,待处理
f881ce6060f8,授权跟进,评估是否纳入优先接触清单,中,资源投资,两周内,P1 / 投资交易 / 分数 127,待处理
dafb3f19c082,授权跟进,评估是否纳入优先接触清单,中,资源投资,两周内,P1 / 投资交易 / 分数 127,待处理
4e3d18aff985,授权跟进,更新项目开发进度和投产概率,中,资源投资,两周内,P1 / 项目审批 / 分数 122,待处理
7398151071e2,立即决策,更新该国资源风险敞口，暂停新增高风险项目推进,高,战略,本周内,P1 / 政策收紧 / 分数 122,待处理
7ff9cdf873e8,立即决策,更新该国资源风险敞口，暂停新增高风险项目推进,高,战略,本周内,P1 / 政策收紧 / 分数 122,待处理
8926bbb0f988,立即决策,更新该国资源风险敞口，暂停新增高风险项目推进,高,战略,本周内,P1 / 政策收紧 / 分数 122,待处理
5d74861431f9,立即决策,更新该国资源风险敞口，暂停新增高风险项目推进,高,战略,本周内,P1 / 政策收紧 / 分数 122,待处理
d47f0fe76280,立即决策,更新该国资源风险敞口，暂停新增高风险项目推进,高,战略,本周内,P1 / 政策收紧 / 分数 122,待处理
fb14d32c3778,立即决策,更新该国资源风险敞口，暂停新增高风险项目推进,高,战略,本周内,P1 / 政策收紧 / 分数 122,待处理
0cf9180562da,立即决策,更新该国资源风险敞口，暂停新增高风险项目推进,高,战略,本周内,P1 / 政策收紧 / 分数 122,待处理
71ef4af6ee51,立即决策,更新该国资源风险敞口，暂停新增高风险项目推进,高,战略,本周内,P1 / 政策收紧 / 分数 122,待处理
fac2b8c02ac7,授权跟进,更新项目开发进度和投产概率,中,资源投资,两周内,P1 / 项目审批 / 分数 122,待处理
274ef237016b,授权跟进,评估新增供给对长期包销窗口的影响,中,战略,两周内,P1 / 供给增加 / 分数 122,待处理
e293682e7a74,授权跟进,评估新增供给对长期包销窗口的影响,中,战略,两周内,P1 / 供给增加 / 分数 122,待处理
b372cba4cdb5,立即决策,更新该国资源风险敞口，暂停新增高风险项目推进,高,战略,本周内,P1 / 政策收紧 / 分数 122,待处理
2cbec1f22f97,立即决策,更新该国资源风险敞口，暂停新增高风险项目推进,高,战略,本周内,P1 / 政策收紧 / 分数 122,待处理
c8d2ca55bb8a,立即决策,更新该国资源风险敞口，暂停新增高风险项目推进,高,战略,本周内,P1 / 政策收紧 / 分数 122,待处理
3805aafe751d,授权跟进,更新项目开发进度和投产概率,中,资源投资,两周内,P1 / 项目审批 / 分数 122,待处理
558dc6207eab,授权跟进,评估新增供给对长期包销窗口的影响,中,战略,两周内,P1 / 供给增加 / 分数 122,待处理
396d1c1268f1,立即决策,更新该国资源风险敞口，暂停新增高风险项目推进,高,战略,本周内,P1 / 政策收紧 / 分数 122,待处理
7a9e52e8274f,立即决策,更新该国资源风险敞口，暂停新增高风险项目推进,高,战略,本周内,P1 / 政策收紧 / 分数 122,待处理
32a8486313d1,立即决策,更新该国资源风险敞口，暂停新增高风险项目推进,高,战略,本周内,P1 / 政策收紧 / 分数 122,待处理
af5ba69bab28,授权跟进,评估新增供给对长期包销窗口的影响,中,战略,两周内,P1 / 供给增加 / 分数 122,待处理
bfd494428cd5,立即决策,更新该国资源风险敞口，暂停新增高风险项目推进,高,战略,本周内,P1 / 政策收紧 / 分数 122,待处理
abf1de90f74f,授权跟进,评估新增供给对长期包销窗口的影响,中,战略,两周内,P1 / 供给增加 / 分数 122,待处理
b2abd6132e28,立即决策,更新该国资源风险敞口，暂停新增高风险项目推进,高,战略,本周内,P1 / 政策收紧 / 分数 122,待处理
5145ebf5474a,立即决策,更新该国资源风险敞口，暂停新增高风险项目推进,高,战略,本周内,P1 / 政策收紧 / 分数 122,待处理
aa9ecba55537,授权跟进,要求法务和资源投资团队复核项目假设,中,法务合规,两周内,P1 / 政策变化 / 分数 122,待处理
abbb70ebf31e,立即决策,更新该国资源风险敞口，暂停新增高风险项目推进,高,战略,本周内,P1 / 政策收紧 / 分数 122,待处理
a1439d8a5873,立即决策,更新该国资源风险敞口，暂停新增高风险项目推进,高,战略,本周内,P1 / 政策收紧 / 分数 122,待处理
f9efaaff3c72,立即决策,更新该国资源风险敞口，暂停新增高风险项目推进,高,战略,本周内,P1 / 政策收紧 / 分数 122,待处理
e3982925a956,授权跟进,评估新增供给对长期包销窗口的影响,中,战略,两周内,P1 / 供给增加 / 分数 122,待处理
f48a91bf393d,授权跟进,要求法务和资源投资团队复核项目假设,中,法务合规,两周内,P1 / 政策变化 / 分数 122,待处理
a527dbbda96c,立即决策,更新该国资源风险敞口，暂停新增高风险项目推进,高,战略,本周内,P1 / 政策收紧 / 分数 122,待处理
03d2c40714e3,立即决策,更新该国资源风险敞口，暂停新增高风险项目推进,高,战略,本周内,P1 / 政策收紧 / 分数 122,待处理
0344d17096d1,立即决策,更新该国资源风险敞口，暂停新增高风险项目推进,高,战略,本周内,P1 / 政策收紧 / 分数 122,待处理
145d98efdff0,授权跟进,评估新增供给对长期包销窗口的影响,中,战略,两周内,P1 / 供给增加 / 分数 122,待处理
d5272f4cd2d8,立即决策,更新该国资源风险敞口，暂停新增高风险项目推进,高,战略,本周内,P1 / 政策收紧 / 分数 122,待处理
0cdb13716b35,立即决策,更新该国资源风险敞口，暂停新增高风险项目推进,高,战略,本周内,P1 / 政策收紧 / 分数 122,待处理
55059821fea7,授权跟进,要求法务和资源投资团队复核项目假设,中,法务合规,两周内,P1 / 政策变化 / 分数 122,待处理
4bba71529841,立即决策,更新该国资源风险敞口，暂停新增高风险项目推进,高,战略,本周内,P1 / 政策收紧 / 分数 122,待处理
402fc777d340,立即决策,更新该国资源风险敞口，暂停新增高风险项目推进,高,战略,本周内,P1 / 政策收紧 / 分数 122,待处理
79013ed34e41,立即决策,更新该国资源风险敞口，暂停新增高风险项目推进,高,战略,本周内,P1 / 政策收紧 / 分数 122,待处理
c9f2cdfd4242,立即决策,更新该国资源风险敞口，暂停新增高风险项目推进,高,战略,本周内,P1 / 政策收紧 / 分数 122,待处理
49c2984afe24,立即决策,更新该国资源风险敞口，暂停新增高风险项目推进,高,战略,本周内,P1 / 政策收紧 / 分数 122,待处理
736f591c6464,立即决策,更新该国资源风险敞口，暂停新增高风险项目推进,高,战略,本周内,P1 / 政策收紧 / 分数 122,待处理
d1f532601727,立即决策,更新该国资源风险敞口，暂停新增高风险项目推进,高,战略,本周内,P1 / 政策收紧 / 分数 122,待处理
f5c7197dbbac,立即决策,更新该国资源风险敞口，暂停新增高风险项目推进,高,战略,本周内,P1 / 政策收紧 / 分数 122,待处理
fa8bc3901ad4,立即决策,更新该国资源风险敞口，暂停新增高风险项目推进,高,战略,本周内,P1 / 政策收紧 / 分数 122,待处理
24fa0cea82fe,立即决策,更新该国资源风险敞口，暂停新增高风险项目推进,高,战略,本周内,P1 / 政策收紧 / 分数 122,待处理
9760959f732f,授权跟进,纳入周度资源情报跟踪,中,市场研究,两周内,P1 / 其他 / 分数 120,待处理
51a4d371c3c2,授权跟进,纳入周度资源情报跟踪,中,市场研究,两周内,P1 / 其他 / 分数 120,待处理
29c1fd3b7db8,授权跟进,纳入周度资源情报跟踪,中,市场研究,两周内,P1 / 其他 / 分数 120,待处理
64e621f54fb7,授权跟进,纳入周度资源情报跟踪,中,市场研究,两周内,P1 / 其他 / 分数 120,待处理
8f30e0b4d200,授权跟进,纳入周度资源情报跟踪,中,市场研究,两周内,P1 / 其他 / 分数 120,待处理
dfbee8b31c48,授权跟进,纳入周度资源情报跟踪,中,市场研究,两周内,P1 / 其他 / 分数 120,待处理
52d5eb50b3a0,授权跟进,纳入周度资源情报跟踪,中,市场研究,两周内,P1 / 其他 / 分数 120,待处理
4ce5dc737697,授权跟进,纳入周度资源情报跟踪,中,市场研究,两周内,P1 / 其他 / 分数 120,待处理
94203ff84798,授权跟进,纳入周度资源情报跟踪,中,市场研究,两周内,P1 / 其他 / 分数 120,待处理
12de09b0c7aa,授权跟进,纳入周度资源情报跟踪,中,市场研究,两周内,P1 / 其他 / 分数 120,待处理
65b25c33f7f6,授权跟进,纳入周度资源情报跟踪,中,市场研究,两周内,P1 / 其他 / 分数 120,待处理
3768193bf612,授权跟进,纳入周度资源情报跟踪,中,市场研究,两周内,P1 / 其他 / 分数 120,待处理
bfdb1b5867f2,授权跟进,纳入周度资源情报跟踪,中,市场研究,两周内,P1 / 其他 / 分数 120,待处理
9478ec8dd740,授权跟进,纳入周度资源情报跟踪,中,市场研究,两周内,P1 / 其他 / 分数 120,待处理
6dcf6f21e1be,授权跟进,纳入周度资源情报跟踪,中,市场研究,两周内,P1 / 其他 / 分数 120,待处理
31288832cc54,授权跟进,纳入周度资源情报跟踪,中,市场研究,两周内,P1 / 其他 / 分数 120,待处理
eba70d7bd4d8,授权跟进,纳入周度资源情报跟踪,中,市场研究,两周内,P1 / 其他 / 分数 120,待处理
be61b153c6aa,授权跟进,纳入周度资源情报跟踪,中,市场研究,两周内,P1 / 其他 / 分数 120,待处理
31174e7b4ce3,授权跟进,纳入周度资源情报跟踪,中,市场研究,两周内,P1 / 其他 / 分数 120,待处理
2dd433e44eb8,授权跟进,纳入周度资源情报跟踪,中,市场研究,两周内,P1 / 其他 / 分数 120,待处理
814f44302b28,授权跟进,纳入周度资源情报跟踪,中,市场研究,两周内,P1 / 其他 / 分数 120,待处理
fa137399a9dc,授权跟进,纳入周度资源情报跟踪,中,市场研究,两周内,P1 / 其他 / 分数 120,待处理
fde70e93ba8c,授权跟进,纳入周度资源情报跟踪,中,市场研究,两周内,P1 / 其他 / 分数 120,待处理
0d696bab356b,授权跟进,纳入周度资源情报跟踪,中,市场研究,两周内,P1 / 其他 / 分数 120,待处理
607c3de18c83,授权跟进,纳入周度资源情报跟踪,中,市场研究,两周内,P1 / 其他 / 分数 120,待处理
331c5d37e08b,授权跟进,纳入周度资源情报跟踪,中,市场研究,两周内,P1 / 其他 / 分数 120,待处理
9404f7eac290,授权跟进,纳入周度资源情报跟踪,中,市场研究,两周内,P1 / 其他 / 分数 120,待处理
484011b40dee,授权跟进,纳入周度资源情报跟踪,中,市场研究,两周内,P1 / 其他 / 分数 120,待处理
141362c6cc67,授权跟进,纳入周度资源情报跟踪,中,市场研究,两周内,P1 / 其他 / 分数 120,待处理
22b074e50dc3,授权跟进,纳入周度资源情报跟踪,中,市场研究,两周内,P1 / 其他 / 分数 120,待处理
8a6ceda20d08,授权跟进,纳入周度资源情报跟踪,中,市场研究,两周内,P1 / 其他 / 分数 120,待处理
46c113d709e5,授权跟进,纳入周度资源情报跟踪,中,市场研究,两周内,P1 / 其他 / 分数 120,待处理
4f041d8f1ca5,授权跟进,纳入周度资源情报跟踪,中,市场研究,两周内,P1 / 其他 / 分数 117,待处理
90797a4067ba,授权跟进,纳入周度资源情报跟踪,中,市场研究,两周内,P1 / 其他 / 分数 117,待处理
599a1f63c40a,授权跟进,纳入周度资源情报跟踪,中,市场研究,两周内,P1 / 其他 / 分数 117,待处理
a5e879d46ab0,立即决策,评估替代资源与采购安全库存,高,采购,本周内,P1 / 供给收缩 / 分数 117,待处理
cd7c2f7616d8,授权跟进,纳入周度资源情报跟踪,中,市场研究,两周内,P1 / 其他 / 分数 117,待处理
6ac7f6e82c64,授权跟进,纳入周度资源情报跟踪,中,市场研究,两周内,P1 / 其他 / 分数 117,待处理
edc23e0c4327,授权跟进,纳入周度资源情报跟踪,中,市场研究,两周内,P1 / 其他 / 分数 117,待处理
881e8d4b8650,授权跟进,纳入周度资源情报跟踪,中,市场研究,两周内,P1 / 其他 / 分数 117,待处理
c576fd450509,授权跟进,评估新增供给对长期包销窗口的影响,中,战略,两周内,P1 / 供给增加 / 分数 117,待处理
3520e9f14c74,授权跟进,纳入周度资源情报跟踪,中,市场研究,两周内,P1 / 其他 / 分数 117,待处理
3ca9f50a7bcb,立即决策,评估替代资源与采购安全库存,高,采购,本周内,P1 / 供给收缩 / 分数 117,待处理
b28aae379a02,授权跟进,纳入周度资源情报跟踪,中,市场研究,两周内,P1 / 其他 / 分数 117,待处理
ddc80072e584,授权跟进,纳入周度资源情报跟踪,中,市场研究,两周内,P1 / 其他 / 分数 117,待处理
eef1ec7553d3,授权跟进,评估新增供给对长期包销窗口的影响,中,战略,两周内,P1 / 供给增加 / 分数 117,待处理
8dc13aa2cac4,授权跟进,纳入周度资源情报跟踪,中,市场研究,两周内,P1 / 其他 / 分数 117,待处理
09e879651e8f,授权跟进,更新项目开发进度和投产概率,中,资源投资,两周内,P1 / 项目审批 / 分数 117,待处理
1ce79b55064a,授权跟进,更新项目开发进度和投产概率,中,资源投资,两周内,P1 / 项目审批 / 分数 115,待处理
6b367fdaa730,授权跟进,更新项目开发进度和投产概率,中,资源投资,两周内,P1 / 项目审批 / 分数 115,待处理
5735d14967da,授权跟进,更新项目开发进度和投产概率,中,资源投资,两周内,P1 / 项目审批 / 分数 115,待处理
6570d800e71e,授权跟进,评估新增供给对长期包销窗口的影响,中,战略,两周内,P1 / 供给增加 / 分数 115,待处理
a8a23847c5db,授权跟进,要求法务和资源投资团队复核项目假设,中,法务合规,两周内,P1 / 政策变化 / 分数 112,待处理
bf2fc1c2121a,授权跟进,要求法务和资源投资团队复核项目假设,中,法务合规,两周内,P1 / 政策变化 / 分数 112,待处理
627a769d225f,授权跟进,要求法务和资源投资团队复核项目假设,中,法务合规,两周内,P1 / 政策变化 / 分数 112,待处理
378dee1087a7,授权跟进,要求法务和资源投资团队复核项目假设,中,法务合规,两周内,P1 / 政策变化 / 分数 112,待处理
f61219b4265c,授权跟进,要求法务和资源投资团队复核项目假设,中,法务合规,两周内,P1 / 政策变化 / 分数 112,待处理
ffcfd1b57d0a,授权跟进,要求法务和资源投资团队复核项目假设,中,法务合规,两周内,P1 / 政策变化 / 分数 112,待处理
aded4b0cecf6,授权跟进,要求法务和资源投资团队复核项目假设,中,法务合规,两周内,P1 / 政策变化 / 分数 112,待处理
16cf6f0253f7,授权跟进,要求法务和资源投资团队复核项目假设,中,法务合规,两周内,P1 / 政策变化 / 分数 112,待处理
cf733ad12311,授权跟进,要求法务和资源投资团队复核项目假设,中,法务合规,两周内,P1 / 政策变化 / 分数 112,待处理
8b2d9f7f89a4,授权跟进,要求法务和资源投资团队复核项目假设,中,法务合规,两周内,P1 / 政策变化 / 分数 112,待处理
10f894479768,授权跟进,要求法务和资源投资团队复核项目假设,中,法务合规,两周内,P1 / 政策变化 / 分数 112,待处理
a225523244e3,授权跟进,要求法务和资源投资团队复核项目假设,中,法务合规,两周内,P1 / 政策变化 / 分数 112,待处理
0b1440728f29,授权跟进,要求法务和资源投资团队复核项目假设,中,法务合规,两周内,P1 / 政策变化 / 分数 112,待处理
11c443cf6c6e,授权跟进,要求法务和资源投资团队复核项目假设,中,法务合规,两周内,P1 / 政策变化 / 分数 112,待处理
591a51a0f3f6,授权跟进,要求法务和资源投资团队复核项目假设,中,法务合规,两周内,P1 / 政策变化 / 分数 112,待处理
7f6e960b72ae,授权跟进,要求法务和资源投资团队复核项目假设,中,法务合规,两周内,P1 / 政策变化 / 分数 112,待处理
0d785bf79f4d,授权跟进,要求法务和资源投资团队复核项目假设,中,法务合规,两周内,P1 / 政策变化 / 分数 112,待处理
866d1a509adb,授权跟进,更新项目进度、投产概率和资本开支假设,中,资源投资,两周内,P1 / 项目变化 / 分数 112,待处理
dc7c22065b35,授权跟进,纳入周度资源情报跟踪,中,市场研究,两周内,P1 / 其他 / 分数 110,待处理
8a258438c6b7,授权跟进,纳入周度资源情报跟踪,中,市场研究,两周内,P1 / 其他 / 分数 110,待处理
3f6323905ae5,授权跟进,纳入周度资源情报跟踪,中,市场研究,两周内,P1 / 其他 / 分数 110,待处理
18cb02b4bbb2,授权跟进,纳入周度资源情报跟踪,中,市场研究,两周内,P1 / 其他 / 分数 110,待处理
91672d1bc48a,授权跟进,纳入周度资源情报跟踪,中,市场研究,两周内,P1 / 其他 / 分数 110,待处理
be4391794ac6,授权跟进,纳入周度资源情报跟踪,中,市场研究,两周内,P1 / 其他 / 分数 107,待处理
187c7fbb608d,授权跟进,纳入周度资源情报跟踪,中,市场研究,两周内,P1 / 其他 / 分数 107,待处理
c8ac1a682833,授权跟进,纳入周度资源情报跟踪,中,市场研究,两周内,P1 / 其他 / 分数 107,待处理
4dba5cb3f0b8,授权跟进,纳入周度资源情报跟踪,中,市场研究,两周内,P1 / 其他 / 分数 107,待处理
d5a873b87edb,授权跟进,纳入周度资源情报跟踪,中,市场研究,两周内,P1 / 其他 / 分数 107,待处理
0d20329e8b5d,授权跟进,纳入周度资源情报跟踪,中,市场研究,两周内,P1 / 其他 / 分数 107,待处理
2a9f147c5ce9,授权跟进,纳入周度资源情报跟踪,中,市场研究,两周内,P1 / 其他 / 分数 107,待处理
ae2a3e109d22,授权跟进,纳入周度资源情报跟踪,中,市场研究,两周内,P1 / 其他 / 分数 107,待处理
c1b11e916e6c,授权跟进,纳入周度资源情报跟踪,中,市场研究,两周内,P1 / 其他 / 分数 107,待处理
01208a5dd9cd,授权跟进,纳入周度资源情报跟踪,中,市场研究,两周内,P1 / 其他 / 分数 107,待处理
941189de2c58,授权跟进,纳入周度资源情报跟踪,中,市场研究,两周内,P1 / 其他 / 分数 107,待处理
9533224f1be5,授权跟进,纳入周度资源情报跟踪,中,市场研究,两周内,P1 / 其他 / 分数 107,待处理
db51d07cdd13,授权跟进,纳入周度资源情报跟踪,中,市场研究,两周内,P1 / 其他 / 分数 107,待处理
fe14d1478f98,授权跟进,纳入周度资源情报跟踪,中,市场研究,两周内,P1 / 其他 / 分数 107,待处理
2acb3cc11d6d,立即决策,复核供应缺口、采购节奏和安全库存安排,高,采购,本周内,P1 / 产量指引变化 / 分数 107,待处理
c92bea36d33b,授权跟进,纳入周度资源情报跟踪,中,市场研究,两周内,P1 / 其他 / 分数 107,待处理
a05e2d5a579c,授权跟进,纳入周度资源情报跟踪,中,市场研究,两周内,P1 / 其他 / 分数 107,待处理
fd2c6f8d9559,授权跟进,纳入周度资源情报跟踪,中,市场研究,两周内,P1 / 其他 / 分数 107,待处理
140a3a39ee2e,授权跟进,纳入周度资源情报跟踪,中,市场研究,两周内,P1 / 其他 / 分数 107,待处理
c742adb83fec,授权跟进,纳入周度资源情报跟踪,中,市场研究,两周内,P1 / 其他 / 分数 107,待处理
0261c17fc123,授权跟进,纳入周度资源情报跟踪,中,市场研究,两周内,P1 / 其他 / 分数 107,待处理
e5a91bbbd0eb,授权跟进,纳入周度资源情报跟踪,中,市场研究,两周内,P1 / 其他 / 分数 107,待处理
d9953478d5c9,授权跟进,纳入周度资源情报跟踪,中,市场研究,两周内,P1 / 其他 / 分数 107,待处理
872d0d700b7e,授权跟进,纳入周度资源情报跟踪,中,市场研究,两周内,P1 / 其他 / 分数 107,待处理
6eac112c828e,授权跟进,纳入周度资源情报跟踪,中,市场研究,两周内,P1 / 其他 / 分数 107,待处理
7c620818bc18,授权跟进,纳入周度资源情报跟踪,中,市场研究,两周内,P1 / 其他 / 分数 107,待处理
515f1f600613,授权跟进,纳入周度资源情报跟踪,中,市场研究,两周内,P1 / 其他 / 分数 107,待处理
585f19adb8f5,授权跟进,纳入周度资源情报跟踪,中,市场研究,两周内,P1 / 其他 / 分数 107,待处理
f522549bc45a,授权跟进,纳入周度资源情报跟踪,中,市场研究,两周内,P1 / 其他 / 分数 107,待处理
5384c9a10660,授权跟进,纳入周度资源情报跟踪,中,市场研究,两周内,P1 / 其他 / 分数 107,待处理
ead1a1f472e8,授权跟进,纳入周度资源情报跟踪,中,市场研究,两周内,P1 / 其他 / 分数 107,待处理
5228b898b9cc,授权跟进,纳入周度资源情报跟踪,中,市场研究,两周内,P1 / 其他 / 分数 107,待处理
92ca9069b345,授权跟进,纳入周度资源情报跟踪,中,市场研究,两周内,P1 / 其他 / 分数 107,待处理
108f2349982b,授权跟进,纳入周度资源情报跟踪,中,市场研究,两周内,P1 / 其他 / 分数 107,待处理
3bb981e7e2d2,授权跟进,纳入周度资源情报跟踪,中,市场研究,两周内,P1 / 其他 / 分数 107,待处理
05e43816db27,授权跟进,纳入周度资源情报跟踪,中,市场研究,两周内,P1 / 其他 / 分数 107,待处理
be897a1850f2,授权跟进,纳入周度资源情报跟踪,中,市场研究,两周内,P1 / 其他 / 分数 107,待处理
88ba1189c0a8,授权跟进,纳入周度资源情报跟踪,中,市场研究,两周内,P1 / 其他 / 分数 107,待处理
ea344f43ddc3,授权跟进,纳入周度资源情报跟踪,中,市场研究,两周内,P1 / 其他 / 分数 107,待处理
ba705a386050,授权跟进,纳入周度资源情报跟踪,中,市场研究,两周内,P1 / 其他 / 分数 107,待处理
67421ff93d40,授权跟进,更新项目开发进度和投产概率,中,资源投资,两周内,P1 / 项目审批 / 分数 107,待处理
a93ce4fce85c,立即决策,复核供应缺口、采购节奏和安全库存安排,高,采购,本周内,P1 / 产量指引变化 / 分数 107,待处理
54dd8ca454e1,授权跟进,纳入周度资源情报跟踪,中,市场研究,两周内,P1 / 其他 / 分数 107,待处理
a98113d8b950,授权跟进,纳入周度资源情报跟踪,中,市场研究,两周内,P1 / 其他 / 分数 107,待处理
1d18ad1f822f,授权跟进,纳入周度资源情报跟踪,中,市场研究,两周内,P1 / 其他 / 分数 107,待处理
a9000f2a3586,授权跟进,纳入周度资源情报跟踪,中,市场研究,两周内,P1 / 其他 / 分数 107,待处理
7866caf955cf,授权跟进,纳入周度资源情报跟踪,中,市场研究,两周内,P1 / 其他 / 分数 107,待处理
e965b2c980c0,授权跟进,纳入周度资源情报跟踪,中,市场研究,两周内,P1 / 其他 / 分数 107,待处理
65a3a98edf88,授权跟进,纳入周度资源情报跟踪,中,市场研究,两周内,P1 / 其他 / 分数 107,待处理
3ac3e862dbf4,授权跟进,纳入周度资源情报跟踪,中,市场研究,两周内,P1 / 其他 / 分数 107,待处理
74c0a4a1e4cc,授权跟进,纳入周度资源情报跟踪,中,市场研究,两周内,P1 / 其他 / 分数 107,待处理
c665c32398d2,授权跟进,纳入周度资源情报跟踪,中,市场研究,两周内,P1 / 其他 / 分数 107,待处理
037190a639da,授权跟进,纳入周度资源情报跟踪,中,市场研究,两周内,P1 / 其他 / 分数 107,待处理
a5436c1e1c01,授权跟进,纳入周度资源情报跟踪,中,市场研究,两周内,P1 / 其他 / 分数 107,待处理
8a8f41a0784e,授权跟进,纳入周度资源情报跟踪,中,市场研究,两周内,P1 / 其他 / 分数 107,待处理
d8a8cf468f3b,授权跟进,纳入周度资源情报跟踪,中,市场研究,两周内,P1 / 其他 / 分数 107,待处理
afed736c3e78,立即决策,更新该国资源风险敞口，暂停新增高风险项目推进,高,战略,本周内,P1 / 政策收紧 / 分数 107,待处理
cd721caa5401,授权跟进,更新项目开发进度和投产概率,中,资源投资,两周内,P1 / 项目审批 / 分数 107,待处理
ef5b630b1f66,授权跟进,纳入周度资源情报跟踪,中,市场研究,两周内,P1 / 其他 / 分数 107,待处理
a0198158a270,授权跟进,纳入周度资源情报跟踪,中,市场研究,两周内,P1 / 其他 / 分数 107,待处理
6991bda402d8,授权跟进,纳入周度资源情报跟踪,中,市场研究,两周内,P1 / 其他 / 分数 107,待处理
c9cd68013cc7,授权跟进,纳入周度资源情报跟踪,中,市场研究,两周内,P1 / 其他 / 分数 107,待处理
5b151a462cb9,授权跟进,纳入周度资源情报跟踪,中,市场研究,两周内,P1 / 其他 / 分数 107,待处理
9a6746bfa4f2,授权跟进,纳入周度资源情报跟踪,中,市场研究,两周内,P1 / 其他 / 分数 107,待处理
05e2ea6a4eff,授权跟进,纳入周度资源情报跟踪,中,市场研究,两周内,P1 / 其他 / 分数 107,待处理
2157e6184336,授权跟进,纳入周度资源情报跟踪,中,市场研究,两周内,P1 / 其他 / 分数 107,待处理
a19d416c8755,授权跟进,纳入周度资源情报跟踪,中,市场研究,两周内,P1 / 其他 / 分数 107,待处理
2fa981d7dfa6,授权跟进,纳入周度资源情报跟踪,中,市场研究,两周内,P1 / 其他 / 分数 107,待处理
b0b129f57ca8,授权跟进,纳入周度资源情报跟踪,中,市场研究,两周内,P1 / 其他 / 分数 107,待处理
f1fe6dbe7dfe,授权跟进,纳入周度资源情报跟踪,中,市场研究,两周内,P1 / 其他 / 分数 107,待处理
80e1d7834d9c,授权跟进,纳入周度资源情报跟踪,中,市场研究,两周内,P1 / 其他 / 分数 107,待处理
237a019e5670,授权跟进,纳入周度资源情报跟踪,中,市场研究,两周内,P1 / 其他 / 分数 107,待处理
d9acde3fe146,授权跟进,纳入周度资源情报跟踪,中,市场研究,两周内,P1 / 其他 / 分数 107,待处理
39bdb13ba56a,授权跟进,纳入周度资源情报跟踪,中,市场研究,两周内,P1 / 其他 / 分数 107,待处理
78f5cf879194,授权跟进,纳入周度资源情报跟踪,中,市场研究,两周内,P1 / 其他 / 分数 107,待处理
6b62ee6a0fe3,授权跟进,纳入周度资源情报跟踪,中,市场研究,两周内,P1 / 其他 / 分数 107,待处理
56d6c043d21f,授权跟进,更新项目开发进度和投产概率,中,资源投资,两周内,P1 / 项目审批 / 分数 107,待处理
56e179c8804b,授权跟进,纳入周度资源情报跟踪,中,市场研究,两周内,P1 / 其他 / 分数 107,待处理
2aa6fc5e6178,授权跟进,纳入周度资源情报跟踪,中,市场研究,两周内,P1 / 其他 / 分数 107,待处理
286a6cc683a6,授权跟进,纳入周度资源情报跟踪,中,市场研究,两周内,P1 / 其他 / 分数 107,待处理
288c29df96c7,授权跟进,纳入周度资源情报跟踪,中,市场研究,两周内,P1 / 其他 / 分数 107,待处理
3d9dbc8317a7,授权跟进,纳入周度资源情报跟踪,中,市场研究,两周内,P1 / 其他 / 分数 107,待处理
54df4ce64204,授权跟进,纳入周度资源情报跟踪,中,市场研究,两周内,P1 / 其他 / 分数 107,待处理
5a91af7a932d,授权跟进,纳入周度资源情报跟踪,中,市场研究,两周内,P1 / 其他 / 分数 107,待处理
b11cca5d7295,授权跟进,纳入周度资源情报跟踪,中,市场研究,两周内,P1 / 其他 / 分数 107,待处理
309034be6f1c,授权跟进,纳入周度资源情报跟踪,中,市场研究,两周内,P1 / 其他 / 分数 107,待处理
504ad29a4add,授权跟进,纳入周度资源情报跟踪,中,市场研究,两周内,P1 / 其他 / 分数 107,待处理
2ea700bc3685,授权跟进,纳入周度资源情报跟踪,中,市场研究,两周内,P1 / 其他 / 分数 107,待处理
6fe8e43d6083,授权跟进,纳入周度资源情报跟踪,中,市场研究,两周内,P1 / 其他 / 分数 107,待处理
09d6a65e0df9,授权跟进,纳入周度资源情报跟踪,中,市场研究,两周内,P1 / 其他 / 分数 107,待处理
27ea8b52e20f,授权跟进,纳入周度资源情报跟踪,中,市场研究,两周内,P1 / 其他 / 分数 107,待处理
27a96612ac07,授权跟进,纳入周度资源情报跟踪,中,市场研究,两周内,P1 / 其他 / 分数 107,待处理
cc4c4c83707d,授权跟进,纳入周度资源情报跟踪,中,市场研究,两周内,P1 / 其他 / 分数 107,待处理
fd6dfe4b1891,授权跟进,纳入周度资源情报跟踪,中,市场研究,两周内,P1 / 其他 / 分数 107,待处理
2fd290034b09,授权跟进,纳入周度资源情报跟踪,中,市场研究,两周内,P1 / 其他 / 分数 107,待处理
ba99f8600c4f,授权跟进,纳入周度资源情报跟踪,中,市场研究,两周内,P1 / 其他 / 分数 107,待处理
b827934b8c47,授权跟进,纳入周度资源情报跟踪,中,市场研究,两周内,P1 / 其他 / 分数 107,待处理
b6748b79f96d,授权跟进,纳入周度资源情报跟踪,中,市场研究,两周内,P1 / 其他 / 分数 107,待处理
40fff6fa8ac5,授权跟进,纳入周度资源情报跟踪,中,市场研究,两周内,P1 / 其他 / 分数 107,待处理
ed72d5b0dbe8,授权跟进,纳入周度资源情报跟踪,中,市场研究,两周内,P1 / 其他 / 分数 107,待处理
0daa85c39049,授权跟进,纳入周度资源情报跟踪,中,市场研究,两周内,P1 / 其他 / 分数 107,待处理
7b8e1f557161,授权跟进,纳入周度资源情报跟踪,中,市场研究,两周内,P1 / 其他 / 分数 107,待处理
3e86094cb7a5,授权跟进,纳入周度资源情报跟踪,中,市场研究,两周内,P1 / 其他 / 分数 107,待处理
4fd390b804f3,授权跟进,纳入周度资源情报跟踪,中,市场研究,两周内,P1 / 其他 / 分数 107,待处理
0aa64d2a091b,授权跟进,纳入周度资源情报跟踪,中,市场研究,两周内,P1 / 其他 / 分数 107,待处理
42b057e85337,授权跟进,纳入周度资源情报跟踪,中,市场研究,两周内,P1 / 其他 / 分数 107,待处理
95ee7e28efdf,授权跟进,纳入周度资源情报跟踪,中,市场研究,两周内,P1 / 其他 / 分数 107,待处理
e1b6b2a76058,授权跟进,纳入周度资源情报跟踪,中,市场研究,两周内,P1 / 其他 / 分数 107,待处理
aa29d96bd932,授权跟进,纳入周度资源情报跟踪,中,市场研究,两周内,P1 / 其他 / 分数 107,待处理
4cc43d589693,授权跟进,纳入周度资源情报跟踪,中,市场研究,两周内,P1 / 其他 / 分数 107,待处理
7be5009dccc1,授权跟进,纳入周度资源情报跟踪,中,市场研究,两周内,P1 / 其他 / 分数 107,待处理
abd7e0565900,授权跟进,纳入周度资源情报跟踪,中,市场研究,两周内,P1 / 其他 / 分数 107,待处理
f36901d9aa29,授权跟进,纳入周度资源情报跟踪,中,市场研究,两周内,P1 / 其他 / 分数 107,待处理
76cc01a135f4,授权跟进,纳入周度资源情报跟踪,中,市场研究,两周内,P1 / 其他 / 分数 107,待处理
94ea3d9c0798,授权跟进,纳入周度资源情报跟踪,中,市场研究,两周内,P1 / 其他 / 分数 107,待处理
78571c01a88f,授权跟进,纳入周度资源情报跟踪,中,市场研究,两周内,P1 / 其他 / 分数 107,待处理
cc85c3d8e11e,授权跟进,纳入周度资源情报跟踪,中,市场研究,两周内,P1 / 其他 / 分数 107,待处理
49bbd72aad72,授权跟进,纳入周度资源情报跟踪,中,市场研究,两周内,P1 / 其他 / 分数 107,待处理
c96ce30d06fe,授权跟进,更新项目开发进度和投产概率,中,资源投资,两周内,P1 / 项目审批 / 分数 107,待处理
4f11c539557a,授权跟进,纳入周度资源情报跟踪,中,市场研究,两周内,P1 / 其他 / 分数 107,待处理
e77f83709b66,授权跟进,纳入周度资源情报跟踪,中,市场研究,两周内,P1 / 其他 / 分数 107,待处理
4529258c8120,授权跟进,纳入周度资源情报跟踪,中,市场研究,两周内,P1 / 其他 / 分数 107,待处理
695d4313ed30,授权跟进,纳入周度资源情报跟踪,中,市场研究,两周内,P1 / 其他 / 分数 107,待处理
c59e62d399fc,授权跟进,纳入周度资源情报跟踪,中,市场研究,两周内,P1 / 其他 / 分数 107,待处理
1c16451e26f4,授权跟进,纳入周度资源情报跟踪,中,市场研究,两周内,P1 / 其他 / 分数 107,待处理
7a079a0737dc,授权跟进,纳入周度资源情报跟踪,中,市场研究,两周内,P1 / 其他 / 分数 107,待处理
c7e74c2fe865,授权跟进,纳入周度资源情报跟踪,中,市场研究,两周内,P1 / 其他 / 分数 107,待处理
dfc7bc59a980,授权跟进,纳入周度资源情报跟踪,中,市场研究,两周内,P1 / 其他 / 分数 107,待处理
4850e7fba23b,授权跟进,纳入周度资源情报跟踪,中,市场研究,两周内,P1 / 其他 / 分数 107,待处理
16b2c5129c04,授权跟进,纳入周度资源情报跟踪,中,市场研究,两周内,P1 / 其他 / 分数 107,待处理
1b11d58ce83d,授权跟进,纳入周度资源情报跟踪,中,市场研究,两周内,P1 / 其他 / 分数 107,待处理
e4d2a50b306d,授权跟进,纳入周度资源情报跟踪,中,市场研究,两周内,P1 / 其他 / 分数 107,待处理
c662abb0c515,授权跟进,纳入周度资源情报跟踪,中,市场研究,两周内,P1 / 其他 / 分数 107,待处理
a10d86653e79,授权跟进,纳入周度资源情报跟踪,中,市场研究,两周内,P1 / 其他 / 分数 107,待处理
4d86bb455967,立即决策,评估替代资源与采购安全库存,高,采购,本周内,P1 / 供给收缩 / 分数 102,待处理
bf2bd4f221e8,授权跟进,评估是否纳入优先接触清单,中,资源投资,两周内,P1 / 投资交易 / 分数 102,待处理
2d41148346a7,立即决策,评估替代资源与采购安全库存,高,采购,本周内,P1 / 供给收缩 / 分数 102,待处理
081f2f6e69b9,授权跟进,更新项目开发进度和投产概率,中,资源投资,两周内,P1 / 项目审批 / 分数 102,待处理
15fb813d8713,立即决策,评估替代资源与采购安全库存,高,采购,本周内,P1 / 供给收缩 / 分数 102,待处理
570da7d72680,立即决策,评估替代资源与采购安全库存,高,采购,本周内,P1 / 供给收缩 / 分数 102,待处理
badb77223b5c,立即决策,复核供应缺口、采购节奏和安全库存安排,高,采购,本周内,P1 / 产量指引变化 / 分数 102,待处理
c2d9be8b80f1,立即决策,复核供应缺口、采购节奏和安全库存安排,高,采购,本周内,P1 / 产量指引变化 / 分数 102,待处理
33e4ea7499dc,立即决策,复核供应缺口、采购节奏和安全库存安排,高,采购,本周内,P1 / 产量指引变化 / 分数 102,待处理
ee633b021754,立即决策,评估替代资源与采购安全库存,高,采购,本周内,P1 / 供给收缩 / 分数 102,待处理
caa19920d8e7,立即决策,复核供应缺口、采购节奏和安全库存安排,高,采购,本周内,P1 / 产量指引变化 / 分数 102,待处理
4607e7b193db,立即决策,更新该国资源风险敞口，暂停新增高风险项目推进,高,战略,本周内,P1 / 政策收紧 / 分数 102,待处理
4f672e74dc15,立即决策,更新该国资源风险敞口，暂停新增高风险项目推进,高,战略,本周内,P1 / 政策收紧 / 分数 102,待处理
005b258ed450,立即决策,更新该国资源风险敞口，暂停新增高风险项目推进,高,战略,本周内,P1 / 政策收紧 / 分数 102,待处理
08f7712a1060,立即决策,更新该国资源风险敞口，暂停新增高风险项目推进,高,战略,本周内,P1 / 政策收紧 / 分数 102,待处理
c232fdcbae60,立即决策,更新该国资源风险敞口，暂停新增高风险项目推进,高,战略,本周内,P1 / 政策收紧 / 分数 102,待处理
351e02fe9aff,授权跟进,纳入周度资源情报跟踪,中,市场研究,两周内,P1 / 其他 / 分数 100,待处理
b16050a806ca,授权跟进,纳入周度资源情报跟踪,中,市场研究,两周内,P1 / 其他 / 分数 100,待处理
1d11dc82ea2d,授权跟进,纳入周度资源情报跟踪,中,市场研究,两周内,P1 / 其他 / 分数 100,待处理
288655d41a5e,授权跟进,纳入周度资源情报跟踪,中,市场研究,两周内,P1 / 其他 / 分数 100,待处理
5396214ce0bf,授权跟进,纳入周度资源情报跟踪,中,市场研究,两周内,P1 / 其他 / 分数 100,待处理
a6715e62f30f,授权跟进,纳入周度资源情报跟踪,中,市场研究,两周内,P1 / 其他 / 分数 100,待处理
7db9747186ea,授权跟进,纳入周度资源情报跟踪,中,市场研究,两周内,P1 / 其他 / 分数 100,待处理
d39383c7fe36,授权跟进,纳入周度资源情报跟踪,中,市场研究,两周内,P1 / 其他 / 分数 100,待处理
338adb68f866,授权跟进,纳入周度资源情报跟踪,中,市场研究,两周内,P1 / 其他 / 分数 100,待处理
e3b9c3553710,授权跟进,纳入周度资源情报跟踪,中,市场研究,两周内,P1 / 其他 / 分数 100,待处理
f42a07a690e6,授权跟进,纳入周度资源情报跟踪,中,市场研究,两周内,P1 / 其他 / 分数 100,待处理
6a9f993b44d5,授权跟进,纳入周度资源情报跟踪,中,市场研究,两周内,P1 / 其他 / 分数 100,待处理
0cb53e6fc620,授权跟进,纳入周度资源情报跟踪,中,市场研究,两周内,P1 / 其他 / 分数 100,待处理
50a4ac6c8387,授权跟进,纳入周度资源情报跟踪,中,市场研究,两周内,P1 / 其他 / 分数 100,待处理
11b49e231741,授权跟进,纳入周度资源情报跟踪,中,市场研究,两周内,P1 / 其他 / 分数 100,待处理
88ca37a9df2f,授权跟进,纳入周度资源情报跟踪,中,市场研究,两周内,P1 / 其他 / 分数 100,待处理
edad50bb9b29,授权跟进,纳入周度资源情报跟踪,中,市场研究,两周内,P1 / 其他 / 分数 100,待处理
6a8cf1b0bc85,授权跟进,纳入周度资源情报跟踪,中,市场研究,两周内,P1 / 其他 / 分数 100,待处理
4419afa3f4db,授权跟进,纳入周度资源情报跟踪,中,市场研究,两周内,P1 / 其他 / 分数 100,待处理
24b8fc064240,授权跟进,纳入周度资源情报跟踪,中,市场研究,两周内,P1 / 其他 / 分数 100,待处理
fcbb62ad5caa,授权跟进,纳入周度资源情报跟踪,中,市场研究,两周内,P1 / 其他 / 分数 100,待处理
39a7e9df4202,授权跟进,纳入周度资源情报跟踪,中,市场研究,两周内,P1 / 其他 / 分数 100,待处理
326d30d15e68,授权跟进,纳入周度资源情报跟踪,中,市场研究,两周内,P1 / 其他 / 分数 100,待处理
637170db797a,授权跟进,纳入周度资源情报跟踪,中,市场研究,两周内,P1 / 其他 / 分数 100,待处理
c0b9fe96b25f,授权跟进,纳入周度资源情报跟踪,中,市场研究,两周内,P1 / 其他 / 分数 100,待处理
593d0439487d,授权跟进,纳入周度资源情报跟踪,中,市场研究,两周内,P1 / 其他 / 分数 100,待处理
3f60a4391cca,授权跟进,纳入周度资源情报跟踪,中,市场研究,两周内,P1 / 其他 / 分数 100,待处理
f93c45e5031a,授权跟进,纳入周度资源情报跟踪,中,市场研究,两周内,P1 / 其他 / 分数 100,待处理
95d7bb43da10,授权跟进,纳入周度资源情报跟踪,中,市场研究,两周内,P1 / 其他 / 分数 100,待处理
9ed897464e80,授权跟进,纳入周度资源情报跟踪,中,市场研究,两周内,P1 / 其他 / 分数 100,待处理
d902523dbbdf,授权跟进,纳入周度资源情报跟踪,中,市场研究,两周内,P1 / 其他 / 分数 100,待处理
dcedd83b3c3d,授权跟进,纳入周度资源情报跟踪,中,市场研究,两周内,P1 / 其他 / 分数 100,待处理
d4c9a79716db,授权跟进,纳入周度资源情报跟踪,中,市场研究,两周内,P1 / 其他 / 分数 100,待处理
e25d87a8ecd1,授权跟进,纳入周度资源情报跟踪,中,市场研究,两周内,P1 / 其他 / 分数 100,待处理
4f726a1758b1,授权跟进,纳入周度资源情报跟踪,中,市场研究,两周内,P1 / 其他 / 分数 100,待处理
58a7e7fa29a3,授权跟进,纳入周度资源情报跟踪,中,市场研究,两周内,P1 / 其他 / 分数 100,待处理
9eebfc8dfaed,立即决策,更新该国资源风险敞口，暂停新增高风险项目推进,高,战略,本周内,P1 / 政策收紧 / 分数 97,待处理
d22cf74b5d1d,立即决策,更新该国资源风险敞口，暂停新增高风险项目推进,高,战略,本周内,P1 / 政策收紧 / 分数 97,待处理
f0ad8c5879ac,立即决策,更新该国资源风险敞口，暂停新增高风险项目推进,高,战略,本周内,P1 / 政策收紧 / 分数 97,待处理
89538bdd31bb,立即决策,更新该国资源风险敞口，暂停新增高风险项目推进,高,战略,本周内,P1 / 政策收紧 / 分数 97,待处理
fb424913d855,立即决策,更新该国资源风险敞口，暂停新增高风险项目推进,高,战略,本周内,P1 / 政策收紧 / 分数 97,待处理
5d48ffe482a4,立即决策,更新该国资源风险敞口，暂停新增高风险项目推进,高,战略,本周内,P1 / 政策收紧 / 分数 97,待处理
60458c819061,授权跟进,纳入周度资源情报跟踪,中,市场研究,两周内,P1 / 其他 / 分数 97,待处理
ec20b464da5c,立即决策,更新该国资源风险敞口，暂停新增高风险项目推进,高,战略,本周内,P1 / 政策收紧 / 分数 97,待处理
cec984daac4c,立即决策,更新该国资源风险敞口，暂停新增高风险项目推进,高,战略,本周内,P1 / 政策收紧 / 分数 97,待处理
3938b02ded21,立即决策,更新该国资源风险敞口，暂停新增高风险项目推进,高,战略,本周内,P1 / 政策收紧 / 分数 97,待处理
fbd167eedc99,立即决策,更新该国资源风险敞口，暂停新增高风险项目推进,高,战略,本周内,P1 / 政策收紧 / 分数 97,待处理
0309837d9f69,立即决策,更新该国资源风险敞口，暂停新增高风险项目推进,高,战略,本周内,P1 / 政策收紧 / 分数 97,待处理
70e2d609385f,立即决策,更新该国资源风险敞口，暂停新增高风险项目推进,高,战略,本周内,P1 / 政策收紧 / 分数 97,待处理
bc537433ca26,立即决策,更新该国资源风险敞口，暂停新增高风险项目推进,高,战略,本周内,P1 / 政策收紧 / 分数 97,待处理
35d3797c6176,授权跟进,要求法务和资源投资团队复核项目假设,中,法务合规,两周内,P1 / 政策变化 / 分数 97,待处理
5ad724f16bf7,立即决策,更新该国资源风险敞口，暂停新增高风险项目推进,高,战略,本周内,P1 / 政策收紧 / 分数 97,待处理
0ed0b1deeda8,立即决策,更新该国资源风险敞口，暂停新增高风险项目推进,高,战略,本周内,P1 / 政策收紧 / 分数 97,待处理
40e2571cafcd,授权跟进,要求法务和资源投资团队复核项目假设,中,法务合规,两周内,P1 / 政策变化 / 分数 97,待处理
f2a2585dc596,授权跟进,要求法务和资源投资团队复核项目假设,中,法务合规,两周内,P1 / 政策变化 / 分数 97,待处理
db89f0b33f0d,授权跟进,要求法务和资源投资团队复核项目假设,中,法务合规,两周内,P1 / 政策变化 / 分数 97,待处理
b92aa751e0a6,授权跟进,要求法务和资源投资团队复核项目假设,中,法务合规,两周内,P1 / 政策变化 / 分数 97,待处理
4217290a787d,授权跟进,要求法务和资源投资团队复核项目假设,中,法务合规,两周内,P1 / 政策变化 / 分数 97,待处理
44effba0f21b,授权跟进,更新项目进度、投产概率和资本开支假设,中,资源投资,两周内,P1 / 项目变化 / 分数 97,待处理
f8db77ee237d,授权跟进,更新项目进度、投产概率和资本开支假设,中,资源投资,两周内,P1 / 项目变化 / 分数 97,待处理
ad58a7caf036,授权跟进,更新项目进度、投产概率和资本开支假设,中,资源投资,两周内,P1 / 项目变化 / 分数 97,待处理
6d0df15ee1b8,立即决策,更新该国资源风险敞口，暂停新增高风险项目推进,高,战略,本周内,P1 / 政策收紧 / 分数 97,待处理
e8488137277a,立即决策,评估替代资源与采购安全库存,高,采购,本周内,P1 / 供给收缩 / 分数 92,待处理
5a55589fd1ad,立即决策,评估替代资源与采购安全库存,高,采购,本周内,P1 / 供给收缩 / 分数 92,待处理
78e7c21406fe,立即决策,评估替代资源与采购安全库存,高,采购,本周内,P1 / 供给收缩 / 分数 92,待处理
461fe5f054fd,立即决策,评估替代资源与采购安全库存,高,采购,本周内,P1 / 供给收缩 / 分数 92,待处理
f83cedc0cbf1,立即决策,评估替代资源与采购安全库存,高,采购,本周内,P1 / 供给收缩 / 分数 92,待处理
825615cc9eee,立即决策,评估替代资源与采购安全库存,高,采购,本周内,P1 / 供给收缩 / 分数 92,待处理
05133b9ea77a,授权跟进,评估是否纳入优先接触清单,中,资源投资,两周内,P1 / 投资交易 / 分数 92,待处理
2fcfb69ea9a4,授权跟进,纳入周度资源情报跟踪,中,市场研究,两周内,P1 / 其他 / 分数 92,待处理
7bbc1ca349e8,立即决策,评估替代资源与采购安全库存,高,采购,本周内,P1 / 供给收缩 / 分数 92,待处理
c8a7ca4e5fe7,授权跟进,要求法务和资源投资团队复核项目假设,中,法务合规,两周内,P1 / 政策变化 / 分数 92,待处理
9c2fc7592aaa,立即决策,评估替代资源与采购安全库存,高,采购,本周内,P1 / 供给收缩 / 分数 92,待处理
4636586cc246,授权跟进,要求法务和资源投资团队复核项目假设,中,法务合规,两周内,P1 / 政策变化 / 分数 92,待处理
2a345406d5f9,立即决策,评估替代资源与采购安全库存,高,采购,本周内,P1 / 供给收缩 / 分数 92,待处理
446b6c284f6c,授权跟进,要求法务和资源投资团队复核项目假设,中,法务合规,两周内,P1 / 政策变化 / 分数 92,待处理
27ee71878bc7,立即决策,评估替代资源与采购安全库存,高,采购,本周内,P1 / 供给收缩 / 分数 92,待处理
d5ef51f6bf77,授权跟进,评估是否纳入优先接触清单,中,资源投资,两周内,P1 / 投资交易 / 分数 92,待处理
0d1399e4dda5,立即决策,评估替代资源与采购安全库存,高,采购,本周内,P1 / 供给收缩 / 分数 92,待处理
d78d7d54f9c8,授权跟进,要求法务和资源投资团队复核项目假设,中,法务合规,两周内,P1 / 政策变化 / 分数 92,待处理
34f8beb2abd0,立即决策,评估替代资源与采购安全库存,高,采购,本周内,P1 / 供给收缩 / 分数 92,待处理
67232b2c3edd,授权跟进,纳入周度资源情报跟踪,中,市场研究,两周内,P1 / 其他 / 分数 92,待处理
7dd4fb6e9585,立即决策,评估替代资源与采购安全库存,高,采购,本周内,P1 / 供给收缩 / 分数 92,待处理
0a591bf8ef8c,授权跟进,评估是否纳入优先接触清单,中,资源投资,两周内,P1 / 投资交易 / 分数 92,待处理
4fb733d6486d,立即决策,评估替代资源与采购安全库存,高,采购,本周内,P1 / 供给收缩 / 分数 92,待处理
d259d7afd0fd,授权跟进,评估是否纳入优先接触清单,中,资源投资,两周内,P1 / 投资交易 / 分数 92,待处理
71d7e7d3435f,授权跟进,要求法务和资源投资团队复核项目假设,中,法务合规,两周内,P1 / 政策变化 / 分数 92,待处理
e4a96e8db96d,立即决策,评估替代资源与采购安全库存,高,采购,本周内,P1 / 供给收缩 / 分数 92,待处理
29b8e5413839,立即决策,评估替代资源与采购安全库存,高,采购,本周内,P1 / 供给收缩 / 分数 92,待处理
816487a98503,立即决策,评估替代资源与采购安全库存,高,采购,本周内,P1 / 供给收缩 / 分数 92,待处理
cf3104cab375,授权跟进,评估是否纳入优先接触清单,中,资源投资,两周内,P1 / 投资交易 / 分数 92,待处理
533befaace21,立即决策,评估替代资源与采购安全库存,高,采购,本周内,P1 / 供给收缩 / 分数 92,待处理
d43d0ccc655a,授权跟进,纳入周度资源情报跟踪,中,市场研究,两周内,P1 / 其他 / 分数 92,待处理
94b45d38a7bd,立即决策,复核供应缺口、采购节奏和安全库存安排,高,采购,本周内,P1 / 产量指引变化 / 分数 92,待处理
72d001adfc0d,立即决策,复核供应缺口、采购节奏和安全库存安排,高,采购,本周内,P1 / 产量指引变化 / 分数 92,待处理
ce5f0d901bf5,立即决策,复核供应缺口、采购节奏和安全库存安排,高,采购,本周内,P1 / 产量指引变化 / 分数 92,待处理
ae6cc3b61515,立即决策,评估替代资源与采购安全库存,高,采购,本周内,P1 / 供给收缩 / 分数 92,待处理
92136406cbb2,授权跟进,纳入周度资源情报跟踪,中,市场研究,两周内,P1 / 其他 / 分数 92,待处理
b3ba96f014f6,授权跟进,纳入周度资源情报跟踪,中,市场研究,两周内,P1 / 其他 / 分数 92,待处理
480c7828af4f,授权跟进,要求法务和资源投资团队复核项目假设,中,法务合规,两周内,P1 / 政策变化 / 分数 92,待处理
d23f942eb3ac,授权跟进,纳入周度资源情报跟踪,中,市场研究,两周内,P1 / 其他 / 分数 92,待处理
8d37895ab38a,立即决策,评估替代资源与采购安全库存,高,采购,本周内,P1 / 供给收缩 / 分数 92,待处理
e454c9a837c1,授权跟进,要求法务和资源投资团队复核项目假设,中,法务合规,两周内,P1 / 政策变化 / 分数 92,待处理
bee81b686a3e,授权跟进,要求法务和资源投资团队复核项目假设,中,法务合规,两周内,P1 / 政策变化 / 分数 92,待处理
626581c76582,授权跟进,要求法务和资源投资团队复核项目假设,中,法务合规,两周内,P1 / 政策变化 / 分数 92,待处理
962d4e05c6aa,授权跟进,纳入周度资源情报跟踪,中,市场研究,两周内,P1 / 其他 / 分数 92,待处理
d3bc69b75310,授权跟进,纳入周度资源情报跟踪,中,市场研究,两周内,P1 / 其他 / 分数 92,待处理
054d077b87cb,授权跟进,纳入周度资源情报跟踪,中,市场研究,两周内,P1 / 其他 / 分数 90,待处理
e770cb7e9775,授权跟进,纳入周度资源情报跟踪,中,市场研究,两周内,P1 / 其他 / 分数 90,待处理
c20f8c78d189,授权跟进,纳入周度资源情报跟踪,中,市场研究,两周内,P1 / 其他 / 分数 90,待处理
f3495b0ea201,授权跟进,纳入周度资源情报跟踪,中,市场研究,两周内,P1 / 其他 / 分数 90,待处理
238db00b6e07,授权跟进,纳入周度资源情报跟踪,中,市场研究,两周内,P1 / 其他 / 分数 90,待处理
014ef5996042,授权跟进,纳入周度资源情报跟踪,中,市场研究,两周内,P1 / 其他 / 分数 87,待处理
5497d2147a94,立即决策,更新该国资源风险敞口，暂停新增高风险项目推进,高,战略,本周内,P1 / 政策收紧 / 分数 87,待处理
4c935999fd53,授权跟进,纳入周度资源情报跟踪,中,市场研究,两周内,P1 / 其他 / 分数 87,待处理
b1e9e85d11b9,授权跟进,纳入周度资源情报跟踪,中,市场研究,两周内,P1 / 其他 / 分数 87,待处理
81ad2e3953c3,授权跟进,评估新增供给对长期包销窗口的影响,中,战略,两周内,P1 / 供给增加 / 分数 87,待处理
94e428b795ab,授权跟进,更新项目进度、投产概率和资本开支假设,中,资源投资,两周内,P1 / 项目变化 / 分数 87,待处理
3eb15b14e355,授权跟进,纳入周度资源情报跟踪,中,市场研究,两周内,P1 / 其他 / 分数 87,待处理
346f02441582,授权跟进,纳入周度资源情报跟踪,中,市场研究,两周内,P1 / 其他 / 分数 87,待处理
8e5f4a165297,授权跟进,纳入周度资源情报跟踪,中,市场研究,两周内,P1 / 其他 / 分数 87,待处理
488bea85b77c,授权跟进,评估新增供给对长期包销窗口的影响,中,战略,两周内,P1 / 供给增加 / 分数 87,待处理
3bdb01f46e38,授权跟进,纳入周度资源情报跟踪,中,市场研究,两周内,P1 / 其他 / 分数 87,待处理
5caded9da0c5,授权跟进,纳入周度资源情报跟踪,中,市场研究,两周内,P1 / 其他 / 分数 87,待处理
65d5f0ff7106,授权跟进,评估新增供给对长期包销窗口的影响,中,战略,两周内,P1 / 供给增加 / 分数 87,待处理
5a9b35ce6f36,授权跟进,纳入周度资源情报跟踪,中,市场研究,两周内,P1 / 其他 / 分数 87,待处理
5d919bd8213a,授权跟进,纳入周度资源情报跟踪,中,市场研究,两周内,P1 / 其他 / 分数 87,待处理
6a78e5336991,授权跟进,纳入周度资源情报跟踪,中,市场研究,两周内,P1 / 其他 / 分数 87,待处理
66af4febda27,授权跟进,更新项目开发进度和投产概率,中,资源投资,两周内,P1 / 项目审批 / 分数 87,待处理
d3fe25198aa5,授权跟进,更新项目进度、投产概率和资本开支假设,中,资源投资,两周内,P1 / 项目变化 / 分数 87,待处理
803a44669f7c,授权跟进,纳入周度资源情报跟踪,中,市场研究,两周内,P1 / 其他 / 分数 87,待处理
1beb81479a8f,授权跟进,纳入周度资源情报跟踪,中,市场研究,两周内,P1 / 其他 / 分数 87,待处理
f1607af4568c,授权跟进,纳入周度资源情报跟踪,中,市场研究,两周内,P1 / 其他 / 分数 87,待处理
8fc8de668a80,授权跟进,更新项目进度、投产概率和资本开支假设,中,资源投资,两周内,P1 / 项目变化 / 分数 87,待处理
94a29709d901,授权跟进,纳入周度资源情报跟踪,中,市场研究,两周内,P1 / 其他 / 分数 87,待处理
a7793e8d81ce,授权跟进,纳入周度资源情报跟踪,中,市场研究,两周内,P1 / 其他 / 分数 87,待处理
b85b26f130fe,授权跟进,更新项目开发进度和投产概率,中,资源投资,两周内,P1 / 项目审批 / 分数 87,待处理
c3dd04e781cb,授权跟进,纳入周度资源情报跟踪,中,市场研究,两周内,P1 / 其他 / 分数 87,待处理
902b976a8069,授权跟进,评估新增供给对长期包销窗口的影响,中,战略,两周内,P1 / 供给增加 / 分数 87,待处理
f26ab67cb281,授权跟进,评估新增供给对长期包销窗口的影响,中,战略,两周内,P1 / 供给增加 / 分数 87,待处理
31de7978c73d,授权跟进,纳入周度资源情报跟踪,中,市场研究,两周内,P1 / 其他 / 分数 87,待处理
e9a9868771cc,授权跟进,纳入周度资源情报跟踪,中,市场研究,两周内,P1 / 其他 / 分数 87,待处理
2249c2911013,授权跟进,纳入周度资源情报跟踪,中,市场研究,两周内,P1 / 其他 / 分数 87,待处理
a4189d428aa0,授权跟进,纳入周度资源情报跟踪,中,市场研究,两周内,P2 / 其他 / 分数 82,待处理
585a8f02b262,授权跟进,纳入周度资源情报跟踪,中,市场研究,两周内,P2 / 其他 / 分数 82,待处理
1db245bc684c,授权跟进,评估是否纳入优先接触清单,中,资源投资,两周内,P2 / 投资交易 / 分数 82,待处理
dd8112f792ad,授权跟进,纳入周度资源情报跟踪,中,市场研究,两周内,P2 / 其他 / 分数 82,待处理
3aaea560c6a8,授权跟进,纳入周度资源情报跟踪,中,市场研究,两周内,P2 / 其他 / 分数 82,待处理
0f5277bf900c,授权跟进,纳入周度资源情报跟踪,中,市场研究,两周内,P2 / 其他 / 分数 82,待处理
02bc0e901c3b,授权跟进,纳入周度资源情报跟踪,中,市场研究,两周内,P2 / 其他 / 分数 82,待处理
ef4a927ca9a6,授权跟进,纳入周度资源情报跟踪,中,市场研究,两周内,P2 / 其他 / 分数 82,待处理
51100ad7c024,授权跟进,评估是否纳入优先接触清单,中,资源投资,两周内,P2 / 投资交易 / 分数 82,待处理
5bbe7407bae3,授权跟进,评估是否纳入优先接触清单,中,资源投资,两周内,P2 / 投资交易 / 分数 82,待处理
cf8e497128a2,授权跟进,评估是否纳入优先接触清单,中,资源投资,两周内,P2 / 投资交易 / 分数 82,待处理
b1363d3f3b3f,授权跟进,纳入周度资源情报跟踪,中,市场研究,两周内,P2 / 其他 / 分数 82,待处理
7af1f7ca1755,授权跟进,纳入周度资源情报跟踪,中,市场研究,两周内,P2 / 其他 / 分数 82,待处理
47817c3aad21,授权跟进,纳入周度资源情报跟踪,中,市场研究,两周内,P2 / 其他 / 分数 82,待处理
63d38567c2c8,授权跟进,评估是否纳入优先接触清单,中,资源投资,两周内,P2 / 投资交易 / 分数 82,待处理
f5d063c97260,授权跟进,评估是否纳入优先接触清单,中,资源投资,两周内,P2 / 投资交易 / 分数 82,待处理
1be14b5f606e,授权跟进,纳入周度资源情报跟踪,中,市场研究,两周内,P2 / 其他 / 分数 82,待处理
36d57a202822,授权跟进,评估是否纳入优先接触清单,中,资源投资,两周内,P2 / 投资交易 / 分数 82,待处理
3b63d2cb9868,授权跟进,评估是否纳入优先接触清单,中,资源投资,两周内,P2 / 投资交易 / 分数 82,待处理
6a3d5e38785f,授权跟进,纳入周度资源情报跟踪,中,市场研究,两周内,P2 / 其他 / 分数 82,待处理
97fd49ab4914,授权跟进,纳入周度资源情报跟踪,中,市场研究,两周内,P2 / 其他 / 分数 82,待处理
ae603637effb,授权跟进,纳入周度资源情报跟踪,中,市场研究,两周内,P2 / 其他 / 分数 82,待处理
28fdabadef4e,授权跟进,纳入周度资源情报跟踪,中,市场研究,两周内,P2 / 其他 / 分数 82,待处理
ae8d4b11a444,授权跟进,纳入周度资源情报跟踪,中,市场研究,两周内,P2 / 其他 / 分数 82,待处理
015f64cfee3e,授权跟进,评估是否纳入优先接触清单,中,资源投资,两周内,P2 / 投资交易 / 分数 82,待处理
6882c84b51fc,授权跟进,纳入周度资源情报跟踪,中,市场研究,两周内,P2 / 其他 / 分数 82,待处理
43ab0184ba88,授权跟进,纳入周度资源情报跟踪,中,市场研究,两周内,P2 / 其他 / 分数 82,待处理
22da9f0afb41,授权跟进,纳入周度资源情报跟踪,中,市场研究,两周内,P2 / 其他 / 分数 82,待处理
9b99dac08584,授权跟进,复核供应缺口、采购节奏和安全库存安排,中,采购,两周内,P2 / 产量指引变化 / 分数 82,待处理
3a4ded060353,授权跟进,纳入周度资源情报跟踪,中,市场研究,两周内,P2 / 其他 / 分数 82,待处理
2edf53a96950,授权跟进,纳入周度资源情报跟踪,中,市场研究,两周内,P2 / 其他 / 分数 82,待处理
89fdeb2a43e7,授权跟进,纳入周度资源情报跟踪,中,市场研究,两周内,P2 / 其他 / 分数 82,待处理
f6e79f2cbb05,授权跟进,复核供应缺口、采购节奏和安全库存安排,中,采购,两周内,P2 / 产量指引变化 / 分数 82,待处理
d51d8d662fb3,授权跟进,复核供应缺口、采购节奏和安全库存安排,中,采购,两周内,P2 / 产量指引变化 / 分数 82,待处理
ce45b129f738,授权跟进,纳入周度资源情报跟踪,中,市场研究,两周内,P2 / 其他 / 分数 82,待处理
627769abbde0,授权跟进,评估替代资源与采购安全库存,中,采购,两周内,P2 / 供给收缩 / 分数 82,待处理
c8ebd2b6c1bd,授权跟进,复核供应缺口、采购节奏和安全库存安排,中,采购,两周内,P2 / 产量指引变化 / 分数 82,待处理
31b8c897921c,授权跟进,复核供应缺口、采购节奏和安全库存安排,中,采购,两周内,P2 / 产量指引变化 / 分数 82,待处理
395734167870,授权跟进,纳入周度资源情报跟踪,中,市场研究,两周内,P2 / 其他 / 分数 82,待处理
0ce342fe5bc7,授权跟进,纳入周度资源情报跟踪,中,市场研究,两周内,P2 / 其他 / 分数 80,待处理
0ec81e908539,授权跟进,纳入周度资源情报跟踪,中,市场研究,两周内,P2 / 其他 / 分数 80,待处理
8f32eb6dc56b,授权跟进,纳入周度资源情报跟踪,中,市场研究,两周内,P2 / 其他 / 分数 80,待处理
da53d7e0718e,授权跟进,纳入周度资源情报跟踪,中,市场研究,两周内,P2 / 其他 / 分数 80,待处理
72905203cf5d,授权跟进,纳入周度资源情报跟踪,中,市场研究,两周内,P2 / 其他 / 分数 80,待处理
0caf89bcad79,授权跟进,纳入周度资源情报跟踪,中,市场研究,两周内,P2 / 其他 / 分数 80,待处理
732b15cc015d,授权跟进,纳入周度资源情报跟踪,中,市场研究,两周内,P2 / 其他 / 分数 80,待处理
e32540d9df49,授权跟进,纳入周度资源情报跟踪,中,市场研究,两周内,P2 / 其他 / 分数 80,待处理
50e0f9bc6f4a,授权跟进,纳入周度资源情报跟踪,中,市场研究,两周内,P2 / 其他 / 分数 80,待处理
87a5c2eb51d8,授权跟进,纳入周度资源情报跟踪,中,市场研究,两周内,P2 / 其他 / 分数 80,待处理
b1e50eee263e,授权跟进,要求法务和资源投资团队复核项目假设,中,法务合规,两周内,P2 / 政策变化 / 分数 77,待处理
cb336c01956a,授权跟进,要求法务和资源投资团队复核项目假设,中,法务合规,两周内,P2 / 政策变化 / 分数 77,待处理
fd5998e0be91,授权跟进,要求法务和资源投资团队复核项目假设,中,法务合规,两周内,P2 / 政策变化 / 分数 77,待处理
f369976f2528,授权跟进,更新该国资源风险敞口，暂停新增高风险项目推进,中,战略,两周内,P2 / 政策收紧 / 分数 77,待处理
af9af3c0939a,授权跟进,更新该国资源风险敞口，暂停新增高风险项目推进,中,战略,两周内,P2 / 政策收紧 / 分数 77,待处理
2909f7050722,授权跟进,更新该国资源风险敞口，暂停新增高风险项目推进,中,战略,两周内,P2 / 政策收紧 / 分数 77,待处理
d2aa014a61ae,授权跟进,更新项目开发进度和投产概率,中,资源投资,两周内,P2 / 项目审批 / 分数 77,待处理
7430011ec696,授权跟进,更新项目开发进度和投产概率,中,资源投资,两周内,P2 / 项目审批 / 分数 77,待处理
e80e8471cd2d,授权跟进,更新该国资源风险敞口，暂停新增高风险项目推进,中,战略,两周内,P2 / 政策收紧 / 分数 77,待处理
96c1b0698642,授权跟进,要求法务和资源投资团队复核项目假设,中,法务合规,两周内,P2 / 政策变化 / 分数 77,待处理
8561f1a1e3db,授权跟进,更新该国资源风险敞口，暂停新增高风险项目推进,中,战略,两周内,P2 / 政策收紧 / 分数 77,待处理
a21dc8742cc6,授权跟进,更新该国资源风险敞口，暂停新增高风险项目推进,中,战略,两周内,P2 / 政策收紧 / 分数 77,待处理
105a347f42f0,授权跟进,更新该国资源风险敞口，暂停新增高风险项目推进,中,战略,两周内,P2 / 政策收紧 / 分数 77,待处理
ec2f2aaa1ee9,授权跟进,更新该国资源风险敞口，暂停新增高风险项目推进,中,战略,两周内,P2 / 政策收紧 / 分数 77,待处理
c826222168bd,授权跟进,更新该国资源风险敞口，暂停新增高风险项目推进,中,战略,两周内,P2 / 政策收紧 / 分数 77,待处理
ab50dbe4b1c7,授权跟进,评估新增供给对长期包销窗口的影响,中,战略,两周内,P2 / 供给增加 / 分数 77,待处理
c30f14bf95a3,授权跟进,更新项目开发进度和投产概率,中,资源投资,两周内,P2 / 项目审批 / 分数 77,待处理
3689dc34b6ec,授权跟进,更新该国资源风险敞口，暂停新增高风险项目推进,中,战略,两周内,P2 / 政策收紧 / 分数 77,待处理
bdd104a64e50,授权跟进,更新该国资源风险敞口，暂停新增高风险项目推进,中,战略,两周内,P2 / 政策收紧 / 分数 77,待处理
bbac958664b7,授权跟进,评估新增供给对长期包销窗口的影响,中,战略,两周内,P2 / 供给增加 / 分数 77,待处理
17eff5895f84,授权跟进,要求法务和资源投资团队复核项目假设,中,法务合规,两周内,P2 / 政策变化 / 分数 77,待处理
638f23c39902,授权跟进,启动价格与采购节奏复盘,中,市场研究,两周内,P2 / 价格异常 / 分数 75,待处理
ed860a3b3832,授权跟进,复核库存、仓单和采购节奏,中,供应链,两周内,P2 / 库存变化 / 分数 75,待处理
449138bb0340,授权跟进,纳入周度资源情报跟踪,中,市场研究,两周内,P2 / 其他 / 分数 72,待处理
87759126bffb,授权跟进,纳入周度资源情报跟踪,中,市场研究,两周内,P2 / 其他 / 分数 72,待处理
7b229089dcff,授权跟进,纳入周度资源情报跟踪,中,市场研究,两周内,P2 / 其他 / 分数 72,待处理
5eb6e2d9c67a,授权跟进,纳入周度资源情报跟踪,中,市场研究,两周内,P2 / 其他 / 分数 72,待处理
19977c72f70b,授权跟进,纳入周度资源情报跟踪,中,市场研究,两周内,P2 / 其他 / 分数 72,待处理
51f251237d32,授权跟进,纳入周度资源情报跟踪,中,市场研究,两周内,P2 / 其他 / 分数 72,待处理
a6f72d30888c,授权跟进,纳入周度资源情报跟踪,中,市场研究,两周内,P2 / 其他 / 分数 72,待处理
16847876b17b,授权跟进,纳入周度资源情报跟踪,中,市场研究,两周内,P2 / 其他 / 分数 72,待处理
8150e5fdc331,授权跟进,纳入周度资源情报跟踪,中,市场研究,两周内,P2 / 其他 / 分数 72,待处理
58a927082091,授权跟进,纳入周度资源情报跟踪,中,市场研究,两周内,P2 / 其他 / 分数 72,待处理
362487af8d56,授权跟进,纳入周度资源情报跟踪,中,市场研究,两周内,P2 / 其他 / 分数 72,待处理
371283f01fd9,授权跟进,纳入周度资源情报跟踪,中,市场研究,两周内,P2 / 其他 / 分数 72,待处理
f05005f38ada,授权跟进,纳入周度资源情报跟踪,中,市场研究,两周内,P2 / 其他 / 分数 72,待处理
c062c554723d,授权跟进,纳入周度资源情报跟踪,中,市场研究,两周内,P2 / 其他 / 分数 72,待处理
274c0101ce34,授权跟进,纳入周度资源情报跟踪,中,市场研究,两周内,P2 / 其他 / 分数 72,待处理
c23fb82cb8ab,授权跟进,纳入周度资源情报跟踪,中,市场研究,两周内,P2 / 其他 / 分数 72,待处理
70bed1373e02,授权跟进,纳入周度资源情报跟踪,中,市场研究,两周内,P2 / 其他 / 分数 72,待处理
71ed7a81b1ad,授权跟进,纳入周度资源情报跟踪,中,市场研究,两周内,P2 / 其他 / 分数 72,待处理
01ded1e730dd,授权跟进,纳入周度资源情报跟踪,中,市场研究,两周内,P2 / 其他 / 分数 72,待处理
f8bb83bdccdc,授权跟进,纳入周度资源情报跟踪,中,市场研究,两周内,P2 / 其他 / 分数 72,待处理
3314c58731a4,授权跟进,纳入周度资源情报跟踪,中,市场研究,两周内,P2 / 其他 / 分数 72,待处理
c1d49bade513,授权跟进,纳入周度资源情报跟踪,中,市场研究,两周内,P2 / 其他 / 分数 72,待处理
0feb18afc0a1,授权跟进,纳入周度资源情报跟踪,中,市场研究,两周内,P2 / 其他 / 分数 72,待处理
aab4288b908e,授权跟进,纳入周度资源情报跟踪,中,市场研究,两周内,P2 / 其他 / 分数 72,待处理
05ffb6ed45d9,授权跟进,纳入周度资源情报跟踪,中,市场研究,两周内,P2 / 其他 / 分数 72,待处理
308c68dee1ca,授权跟进,纳入周度资源情报跟踪,中,市场研究,两周内,P2 / 其他 / 分数 72,待处理
08547616d1dc,授权跟进,纳入周度资源情报跟踪,中,市场研究,两周内,P2 / 其他 / 分数 72,待处理
d925f659b53b,授权跟进,复核供应缺口、采购节奏和安全库存安排,中,采购,两周内,P2 / 产量指引变化 / 分数 72,待处理
4c6ba9118548,授权跟进,纳入周度资源情报跟踪,中,市场研究,两周内,P2 / 其他 / 分数 72,待处理
1a5fe9515218,授权跟进,纳入周度资源情报跟踪,中,市场研究,两周内,P2 / 其他 / 分数 72,待处理
08721dd4fd86,授权跟进,复核供应缺口、采购节奏和安全库存安排,中,采购,两周内,P2 / 产量指引变化 / 分数 72,待处理
d70ec8800fac,授权跟进,纳入周度资源情报跟踪,中,市场研究,两周内,P2 / 其他 / 分数 72,待处理
14d05e7e8efd,授权跟进,纳入周度资源情报跟踪,中,市场研究,两周内,P2 / 其他 / 分数 72,待处理
2f8339f3c83e,授权跟进,纳入周度资源情报跟踪,中,市场研究,两周内,P2 / 其他 / 分数 72,待处理
5dba0a78db0e,授权跟进,纳入周度资源情报跟踪,中,市场研究,两周内,P2 / 其他 / 分数 72,待处理
ea8095716aa0,授权跟进,纳入周度资源情报跟踪,中,市场研究,两周内,P2 / 其他 / 分数 72,待处理
15858b5a9dfd,授权跟进,纳入周度资源情报跟踪,中,市场研究,两周内,P2 / 其他 / 分数 72,待处理
e580aa585d10,授权跟进,纳入周度资源情报跟踪,中,市场研究,两周内,P2 / 其他 / 分数 72,待处理
3227a0a7f39a,授权跟进,纳入周度资源情报跟踪,中,市场研究,两周内,P2 / 其他 / 分数 72,待处理
d2e413a64e7a,授权跟进,纳入周度资源情报跟踪,中,市场研究,两周内,P2 / 其他 / 分数 72,待处理
a85b19afaa56,授权跟进,纳入周度资源情报跟踪,中,市场研究,两周内,P2 / 其他 / 分数 72,待处理
36e6bac9bcce,授权跟进,纳入周度资源情报跟踪,中,市场研究,两周内,P2 / 其他 / 分数 72,待处理
ddbef700a83f,授权跟进,纳入周度资源情报跟踪,中,市场研究,两周内,P2 / 其他 / 分数 72,待处理
b4ad9ff71153,授权跟进,纳入周度资源情报跟踪,中,市场研究,两周内,P2 / 其他 / 分数 72,待处理
676978f4ed89,授权跟进,纳入周度资源情报跟踪,中,市场研究,两周内,P2 / 其他 / 分数 72,待处理
a916ed61688f,授权跟进,纳入周度资源情报跟踪,中,市场研究,两周内,P2 / 其他 / 分数 72,待处理
b52ff03f4372,授权跟进,纳入周度资源情报跟踪,中,市场研究,两周内,P2 / 其他 / 分数 72,待处理
f625ff55f628,授权跟进,纳入周度资源情报跟踪,中,市场研究,两周内,P2 / 其他 / 分数 72,待处理
60b0426a6c57,授权跟进,纳入周度资源情报跟踪,中,市场研究,两周内,P2 / 其他 / 分数 72,待处理
3b061428c5b0,授权跟进,纳入周度资源情报跟踪,中,市场研究,两周内,P2 / 其他 / 分数 72,待处理
5f66734bab62,授权跟进,纳入周度资源情报跟踪,中,市场研究,两周内,P2 / 其他 / 分数 72,待处理
3700b9fb8483,授权跟进,纳入周度资源情报跟踪,中,市场研究,两周内,P2 / 其他 / 分数 72,待处理
4b387608f8ff,授权跟进,纳入周度资源情报跟踪,中,市场研究,两周内,P2 / 其他 / 分数 72,待处理
408e6a31f286,授权跟进,纳入周度资源情报跟踪,中,市场研究,两周内,P2 / 其他 / 分数 72,待处理
c293da53dc16,授权跟进,纳入周度资源情报跟踪,中,市场研究,两周内,P2 / 其他 / 分数 72,待处理
44696eb3281d,授权跟进,纳入周度资源情报跟踪,中,市场研究,两周内,P2 / 其他 / 分数 72,待处理
375a753c0842,授权跟进,纳入周度资源情报跟踪,中,市场研究,两周内,P2 / 其他 / 分数 72,待处理
ae204bca70b8,授权跟进,纳入周度资源情报跟踪,中,市场研究,两周内,P2 / 其他 / 分数 72,待处理
75ef10b1b9a8,授权跟进,纳入周度资源情报跟踪,中,市场研究,两周内,P2 / 其他 / 分数 72,待处理
e6930a5fdd8a,授权跟进,纳入周度资源情报跟踪,中,市场研究,两周内,P2 / 其他 / 分数 72,待处理
b5de5c969ece,授权跟进,纳入周度资源情报跟踪,中,市场研究,两周内,P2 / 其他 / 分数 72,待处理
ed654102717b,授权跟进,纳入周度资源情报跟踪,中,市场研究,两周内,P2 / 其他 / 分数 72,待处理
37715d5ac6c1,授权跟进,纳入周度资源情报跟踪,中,市场研究,两周内,P2 / 其他 / 分数 72,待处理
896981f98827,授权跟进,纳入周度资源情报跟踪,中,市场研究,两周内,P2 / 其他 / 分数 72,待处理
da4ad23c4c03,授权跟进,纳入周度资源情报跟踪,中,市场研究,两周内,P2 / 其他 / 分数 72,待处理
77168f376583,授权跟进,纳入周度资源情报跟踪,中,市场研究,两周内,P2 / 其他 / 分数 72,待处理
753e9a410390,授权跟进,纳入周度资源情报跟踪,中,市场研究,两周内,P2 / 其他 / 分数 72,待处理
c56b2f319b19,授权跟进,纳入周度资源情报跟踪,中,市场研究,两周内,P2 / 其他 / 分数 72,待处理
b6c364c7a24b,授权跟进,纳入周度资源情报跟踪,中,市场研究,两周内,P2 / 其他 / 分数 72,待处理
dceb66b27101,授权跟进,评估替代资源与采购安全库存,中,采购,两周内,P2 / 供给收缩 / 分数 72,待处理
a0c58aa463f2,授权跟进,纳入周度资源情报跟踪,中,市场研究,两周内,P2 / 其他 / 分数 72,待处理
ab1a104d5c7f,授权跟进,纳入周度资源情报跟踪,中,市场研究,两周内,P2 / 其他 / 分数 72,待处理
79fb4683cde6,授权跟进,纳入周度资源情报跟踪,中,市场研究,两周内,P2 / 其他 / 分数 72,待处理
c40f04eb4a42,授权跟进,纳入周度资源情报跟踪,中,市场研究,两周内,P2 / 其他 / 分数 72,待处理
de7cebab3cd2,授权跟进,纳入周度资源情报跟踪,中,市场研究,两周内,P2 / 其他 / 分数 72,待处理
e87cd0c976b0,授权跟进,纳入周度资源情报跟踪,中,市场研究,两周内,P2 / 其他 / 分数 72,待处理
df6b0b82b69e,授权跟进,纳入周度资源情报跟踪,中,市场研究,两周内,P2 / 其他 / 分数 72,待处理
6ff5371b7bab,授权跟进,纳入周度资源情报跟踪,中,市场研究,两周内,P2 / 其他 / 分数 72,待处理
bea4213829fa,授权跟进,纳入周度资源情报跟踪,中,市场研究,两周内,P2 / 其他 / 分数 72,待处理
d32f79ca054d,授权跟进,纳入周度资源情报跟踪,中,市场研究,两周内,P2 / 其他 / 分数 72,待处理
dbf7c20f81e8,授权跟进,纳入周度资源情报跟踪,中,市场研究,两周内,P2 / 其他 / 分数 72,待处理
89de39bfe651,授权跟进,纳入周度资源情报跟踪,中,市场研究,两周内,P2 / 其他 / 分数 72,待处理
48184c3b7fea,授权跟进,纳入周度资源情报跟踪,中,市场研究,两周内,P2 / 其他 / 分数 72,待处理
5d100e7e70bb,授权跟进,纳入周度资源情报跟踪,中,市场研究,两周内,P2 / 其他 / 分数 72,待处理
b338973bc39b,授权跟进,纳入周度资源情报跟踪,中,市场研究,两周内,P2 / 其他 / 分数 72,待处理
4aa126ae1dae,授权跟进,纳入周度资源情报跟踪,中,市场研究,两周内,P2 / 其他 / 分数 72,待处理
fa0702fce847,授权跟进,纳入周度资源情报跟踪,中,市场研究,两周内,P2 / 其他 / 分数 72,待处理
23028070e1c3,授权跟进,纳入周度资源情报跟踪,中,市场研究,两周内,P2 / 其他 / 分数 72,待处理
a344c3094690,授权跟进,评估替代资源与采购安全库存,中,采购,两周内,P2 / 供给收缩 / 分数 72,待处理
d09fc1a7e904,授权跟进,纳入周度资源情报跟踪,中,市场研究,两周内,P2 / 其他 / 分数 72,待处理
9f0a0776de04,授权跟进,纳入周度资源情报跟踪,中,市场研究,两周内,P2 / 其他 / 分数 72,待处理
a78463e67c19,授权跟进,纳入周度资源情报跟踪,中,市场研究,两周内,P2 / 其他 / 分数 72,待处理
8dac2bc466cd,授权跟进,纳入周度资源情报跟踪,中,市场研究,两周内,P2 / 其他 / 分数 72,待处理
1d806bfee56a,授权跟进,纳入周度资源情报跟踪,中,市场研究,两周内,P2 / 其他 / 分数 72,待处理
cb7cb69e5c3a,授权跟进,纳入周度资源情报跟踪,中,市场研究,两周内,P2 / 其他 / 分数 72,待处理
9e54692679a3,授权跟进,纳入周度资源情报跟踪,中,市场研究,两周内,P2 / 其他 / 分数 72,待处理
cc51155344e8,授权跟进,纳入周度资源情报跟踪,中,市场研究,两周内,P2 / 其他 / 分数 72,待处理
a7512f62699c,授权跟进,纳入周度资源情报跟踪,中,市场研究,两周内,P2 / 其他 / 分数 72,待处理
6b007e97a0a5,授权跟进,纳入周度资源情报跟踪,中,市场研究,两周内,P2 / 其他 / 分数 72,待处理
35581c790ad6,授权跟进,纳入周度资源情报跟踪,中,市场研究,两周内,P2 / 其他 / 分数 72,待处理
5a494f0fd584,授权跟进,纳入周度资源情报跟踪,中,市场研究,两周内,P2 / 其他 / 分数 72,待处理
93fcd85c3fa6,授权跟进,纳入周度资源情报跟踪,中,市场研究,两周内,P2 / 其他 / 分数 72,待处理
8e37ec5aab66,授权跟进,纳入周度资源情报跟踪,中,市场研究,两周内,P2 / 其他 / 分数 72,待处理
af4460f6f621,授权跟进,评估替代资源与采购安全库存,中,采购,两周内,P2 / 供给收缩 / 分数 72,待处理
c2edb3fe98b2,授权跟进,评估替代资源与采购安全库存,中,采购,两周内,P2 / 供给收缩 / 分数 72,待处理
2dafacc3fe2a,授权跟进,纳入周度资源情报跟踪,中,市场研究,两周内,P2 / 其他 / 分数 72,待处理
2c3e95ac59b6,授权跟进,纳入周度资源情报跟踪,中,市场研究,两周内,P2 / 其他 / 分数 72,待处理
94cf58f0ba38,授权跟进,纳入周度资源情报跟踪,中,市场研究,两周内,P2 / 其他 / 分数 72,待处理
3c3923fe14e5,授权跟进,纳入周度资源情报跟踪,中,市场研究,两周内,P2 / 其他 / 分数 72,待处理
dbfe06ff4a9f,授权跟进,纳入周度资源情报跟踪,中,市场研究,两周内,P2 / 其他 / 分数 72,待处理
edead95b3721,授权跟进,评估是否纳入优先接触清单,中,资源投资,两周内,P2 / 投资交易 / 分数 72,待处理
6f79d7c77ee9,授权跟进,评估替代资源与采购安全库存,中,采购,两周内,P2 / 供给收缩 / 分数 72,待处理
7b08da8354bf,授权跟进,纳入周度资源情报跟踪,中,市场研究,两周内,P2 / 其他 / 分数 72,待处理
486141cd4c52,授权跟进,纳入周度资源情报跟踪,中,市场研究,两周内,P2 / 其他 / 分数 72,待处理
d4b6a6f4d83d,授权跟进,纳入周度资源情报跟踪,中,市场研究,两周内,P2 / 其他 / 分数 72,待处理
318e40dcbf88,授权跟进,纳入周度资源情报跟踪,中,市场研究,两周内,P2 / 其他 / 分数 72,待处理
cf456be43286,授权跟进,纳入周度资源情报跟踪,中,市场研究,两周内,P2 / 其他 / 分数 72,待处理
ee538e12a8c0,授权跟进,纳入周度资源情报跟踪,中,市场研究,两周内,P2 / 其他 / 分数 72,待处理
edadfd9c0cf1,授权跟进,纳入周度资源情报跟踪,中,市场研究,两周内,P2 / 其他 / 分数 72,待处理
1e9313ef5746,授权跟进,纳入周度资源情报跟踪,中,市场研究,两周内,P2 / 其他 / 分数 72,待处理
21e2245ce8b3,授权跟进,纳入周度资源情报跟踪,中,市场研究,两周内,P2 / 其他 / 分数 72,待处理
24942a9fc103,授权跟进,纳入周度资源情报跟踪,中,市场研究,两周内,P2 / 其他 / 分数 72,待处理
932f87807688,授权跟进,纳入周度资源情报跟踪,中,市场研究,两周内,P2 / 其他 / 分数 72,待处理
26cf675f57ab,授权跟进,评估替代资源与采购安全库存,中,采购,两周内,P2 / 供给收缩 / 分数 72,待处理
68f9820e43ce,授权跟进,纳入周度资源情报跟踪,中,市场研究,两周内,P2 / 其他 / 分数 72,待处理
1e18f1057a52,授权跟进,纳入周度资源情报跟踪,中,市场研究,两周内,P2 / 其他 / 分数 72,待处理
7ee92713074b,授权跟进,纳入周度资源情报跟踪,中,市场研究,两周内,P2 / 其他 / 分数 72,待处理
29df1bad82fc,授权跟进,纳入周度资源情报跟踪,中,市场研究,两周内,P2 / 其他 / 分数 72,待处理
e38bfddb2db3,授权跟进,纳入周度资源情报跟踪,中,市场研究,两周内,P2 / 其他 / 分数 72,待处理
ca9296165647,授权跟进,评估替代资源与采购安全库存,中,采购,两周内,P2 / 供给收缩 / 分数 72,待处理
14006aa42a02,授权跟进,纳入周度资源情报跟踪,中,市场研究,两周内,P2 / 其他 / 分数 72,待处理
b328caad8f3b,授权跟进,纳入周度资源情报跟踪,中,市场研究,两周内,P2 / 其他 / 分数 72,待处理
7ae8ae076623,授权跟进,纳入周度资源情报跟踪,中,市场研究,两周内,P2 / 其他 / 分数 72,待处理
44be356bba37,授权跟进,纳入周度资源情报跟踪,中,市场研究,两周内,P2 / 其他 / 分数 72,待处理
7856031a266d,授权跟进,纳入周度资源情报跟踪,中,市场研究,两周内,P2 / 其他 / 分数 72,待处理
5ca7feee1b37,授权跟进,纳入周度资源情报跟踪,中,市场研究,两周内,P2 / 其他 / 分数 72,待处理
f6b4ef26b391,授权跟进,纳入周度资源情报跟踪,中,市场研究,两周内,P2 / 其他 / 分数 72,待处理
5e50a720125a,授权跟进,纳入周度资源情报跟踪,中,市场研究,两周内,P2 / 其他 / 分数 72,待处理
e0a2a0a44131,授权跟进,纳入周度资源情报跟踪,中,市场研究,两周内,P2 / 其他 / 分数 72,待处理
3b747e8d96ab,授权跟进,纳入周度资源情报跟踪,中,市场研究,两周内,P2 / 其他 / 分数 72,待处理
a4fe1fa9dece,授权跟进,评估替代资源与采购安全库存,中,采购,两周内,P2 / 供给收缩 / 分数 72,待处理
fb38691ce67a,授权跟进,纳入周度资源情报跟踪,中,市场研究,两周内,P2 / 其他 / 分数 72,待处理
d963573fc1b4,授权跟进,纳入周度资源情报跟踪,中,市场研究,两周内,P2 / 其他 / 分数 72,待处理
da677fbf6f96,授权跟进,纳入周度资源情报跟踪,中,市场研究,两周内,P2 / 其他 / 分数 72,待处理
c44de751cbf1,授权跟进,纳入周度资源情报跟踪,中,市场研究,两周内,P2 / 其他 / 分数 72,待处理
2f7b06cfde7f,授权跟进,纳入周度资源情报跟踪,中,市场研究,两周内,P2 / 其他 / 分数 72,待处理
54361b8a9e5b,授权跟进,纳入周度资源情报跟踪,中,市场研究,两周内,P2 / 其他 / 分数 72,待处理
58d75c6f5953,授权跟进,纳入周度资源情报跟踪,中,市场研究,两周内,P2 / 其他 / 分数 72,待处理
17c51bba4009,授权跟进,纳入周度资源情报跟踪,中,市场研究,两周内,P2 / 其他 / 分数 72,待处理
f3793377b712,授权跟进,纳入周度资源情报跟踪,中,市场研究,两周内,P2 / 其他 / 分数 72,待处理
8a3ecdb446a6,授权跟进,纳入周度资源情报跟踪,中,市场研究,两周内,P2 / 其他 / 分数 72,待处理
82156821364f,授权跟进,纳入周度资源情报跟踪,中,市场研究,两周内,P2 / 其他 / 分数 72,待处理
a68ef90c5c18,授权跟进,纳入周度资源情报跟踪,中,市场研究,两周内,P2 / 其他 / 分数 72,待处理
069d84b7deab,授权跟进,纳入周度资源情报跟踪,中,市场研究,两周内,P2 / 其他 / 分数 72,待处理
90cd1ef3f0e5,授权跟进,评估替代资源与采购安全库存,中,采购,两周内,P2 / 供给收缩 / 分数 72,待处理
fc78ac8a5eb7,授权跟进,纳入周度资源情报跟踪,中,市场研究,两周内,P2 / 其他 / 分数 72,待处理
bf8fab797b47,授权跟进,纳入周度资源情报跟踪,中,市场研究,两周内,P2 / 其他 / 分数 72,待处理
c3cff362227c,授权跟进,纳入周度资源情报跟踪,中,市场研究,两周内,P2 / 其他 / 分数 72,待处理
c10857a6446c,授权跟进,评估是否纳入优先接触清单,中,资源投资,两周内,P2 / 投资交易 / 分数 72,待处理
43ba48e82d83,授权跟进,纳入周度资源情报跟踪,中,市场研究,两周内,P2 / 其他 / 分数 72,待处理
6a869c17ab7b,授权跟进,纳入周度资源情报跟踪,中,市场研究,两周内,P2 / 其他 / 分数 72,待处理
ff5a68913240,授权跟进,纳入周度资源情报跟踪,中,市场研究,两周内,P2 / 其他 / 分数 72,待处理
b2f3441db2f1,授权跟进,纳入周度资源情报跟踪,中,市场研究,两周内,P2 / 其他 / 分数 72,待处理
521084efe2d9,授权跟进,纳入周度资源情报跟踪,中,市场研究,两周内,P2 / 其他 / 分数 72,待处理
db4a12c1683a,授权跟进,纳入周度资源情报跟踪,中,市场研究,两周内,P2 / 其他 / 分数 72,待处理
e5252c2d5486,授权跟进,纳入周度资源情报跟踪,中,市场研究,两周内,P2 / 其他 / 分数 72,待处理
13737b329bf8,授权跟进,纳入周度资源情报跟踪,中,市场研究,两周内,P2 / 其他 / 分数 72,待处理
0d4d318459a2,授权跟进,纳入周度资源情报跟踪,中,市场研究,两周内,P2 / 其他 / 分数 72,待处理
23949bfa32de,授权跟进,纳入周度资源情报跟踪,中,市场研究,两周内,P2 / 其他 / 分数 72,待处理
1065ed9561be,授权跟进,纳入周度资源情报跟踪,中,市场研究,两周内,P2 / 其他 / 分数 72,待处理
0bec0fd9beae,授权跟进,纳入周度资源情报跟踪,中,市场研究,两周内,P2 / 其他 / 分数 72,待处理
67dcc31e1471,授权跟进,纳入周度资源情报跟踪,中,市场研究,两周内,P2 / 其他 / 分数 72,待处理
883102d9ee4c,授权跟进,纳入周度资源情报跟踪,中,市场研究,两周内,P2 / 其他 / 分数 72,待处理
6663b38333d7,继续观察,更新项目进度、投产概率和资本开支假设,低,资源投资,持续跟踪,P3 / 项目变化 / 分数 67,待处理
2587e35dee8a,继续观察,更新项目进度、投产概率和资本开支假设,低,资源投资,持续跟踪,P3 / 项目变化 / 分数 67,待处理
b90c2386c29c,继续观察,更新项目进度、投产概率和资本开支假设,低,资源投资,持续跟踪,P3 / 项目变化 / 分数 67,待处理
0dae4831f765,继续观察,更新项目进度、投产概率和资本开支假设,低,资源投资,持续跟踪,P3 / 项目变化 / 分数 67,待处理
34324c8846a8,继续观察,更新项目进度、投产概率和资本开支假设,低,资源投资,持续跟踪,P3 / 项目变化 / 分数 67,待处理
a56f2c5a354a,继续观察,更新项目进度、投产概率和资本开支假设,低,资源投资,持续跟踪,P3 / 项目变化 / 分数 67,待处理
38677548f4fe,继续观察,更新项目进度、投产概率和资本开支假设,低,资源投资,持续跟踪,P3 / 项目变化 / 分数 67,待处理
5f17bc5907ea,继续观察,要求法务和资源投资团队复核项目假设,低,法务合规,持续跟踪,P3 / 政策变化 / 分数 67,待处理
aaad4446a44c,继续观察,要求法务和资源投资团队复核项目假设,低,法务合规,持续跟踪,P3 / 政策变化 / 分数 67,待处理
c0dc2f02e574,继续观察,更新项目开发进度和投产概率,低,资源投资,持续跟踪,P3 / 项目审批 / 分数 67,待处理
6a4b1f42d92c,继续观察,要求法务和资源投资团队复核项目假设,低,法务合规,持续跟踪,P3 / 政策变化 / 分数 67,待处理
5e560db862b9,继续观察,要求法务和资源投资团队复核项目假设,低,法务合规,持续跟踪,P3 / 政策变化 / 分数 67,待处理
f964aa5462bc,继续观察,要求法务和资源投资团队复核项目假设,低,法务合规,持续跟踪,P3 / 政策变化 / 分数 67,待处理
8d99db195174,继续观察,更新项目进度、投产概率和资本开支假设,低,资源投资,持续跟踪,P3 / 项目变化 / 分数 67,待处理
a6092b602a80,继续观察,要求法务和资源投资团队复核项目假设,低,法务合规,持续跟踪,P3 / 政策变化 / 分数 67,待处理
94b87a8a1b81,继续观察,要求法务和资源投资团队复核项目假设,低,法务合规,持续跟踪,P3 / 政策变化 / 分数 67,待处理
d3254fdb4b0e,继续观察,要求法务和资源投资团队复核项目假设,低,法务合规,持续跟踪,P3 / 政策变化 / 分数 67,待处理
6ca58ddb9242,继续观察,要求法务和资源投资团队复核项目假设,低,法务合规,持续跟踪,P3 / 政策变化 / 分数 67,待处理
45a351033067,继续观察,要求法务和资源投资团队复核项目假设,低,法务合规,持续跟踪,P3 / 政策变化 / 分数 67,待处理
cab587535045,继续观察,要求法务和资源投资团队复核项目假设,低,法务合规,持续跟踪,P3 / 政策变化 / 分数 67,待处理
894332296a95,继续观察,要求法务和资源投资团队复核项目假设,低,法务合规,持续跟踪,P3 / 政策变化 / 分数 67,待处理
4d90682ee2a2,继续观察,要求法务和资源投资团队复核项目假设,低,法务合规,持续跟踪,P3 / 政策变化 / 分数 67,待处理
f6d1d0a9083d,继续观察,要求法务和资源投资团队复核项目假设,低,法务合规,持续跟踪,P3 / 政策变化 / 分数 67,待处理
1a0c4fff9b7f,继续观察,要求法务和资源投资团队复核项目假设,低,法务合规,持续跟踪,P3 / 政策变化 / 分数 67,待处理
61970241a41c,继续观察,要求法务和资源投资团队复核项目假设,低,法务合规,持续跟踪,P3 / 政策变化 / 分数 67,待处理
41c50de06d51,继续观察,纳入周度资源情报跟踪,低,市场研究,持续跟踪,P3 / 其他 / 分数 67,待处理
1d45a66647ee,继续观察,要求法务和资源投资团队复核项目假设,低,法务合规,持续跟踪,P3 / 政策变化 / 分数 67,待处理
242e7fe06ea3,继续观察,纳入周度资源情报跟踪,低,市场研究,持续跟踪,P3 / 其他 / 分数 67,待处理
bdd8c6712d85,继续观察,纳入周度资源情报跟踪,低,市场研究,持续跟踪,P3 / 其他 / 分数 67,待处理
13a83d800a58,继续观察,要求法务和资源投资团队复核项目假设,低,法务合规,持续跟踪,P3 / 政策变化 / 分数 67,待处理
84f5591d5266,继续观察,要求法务和资源投资团队复核项目假设,低,法务合规,持续跟踪,P3 / 政策变化 / 分数 67,待处理
7d90ca1028dd,继续观察,纳入周度资源情报跟踪,低,市场研究,持续跟踪,P3 / 其他 / 分数 65,待处理
4ecfa1c06aec,继续观察,纳入周度资源情报跟踪,低,市场研究,持续跟踪,P3 / 其他 / 分数 65,待处理
58baf939fa3a,继续观察,纳入周度资源情报跟踪,低,市场研究,持续跟踪,P3 / 其他 / 分数 65,待处理
