event_id,supply_security_impact,procurement_cost_impact,investment_opportunity_impact,geopolitical_risk_impact,catl_exposure,impact_level,impact_summary
913db4840efd,高,高,低,中,Australia / Finniss / lithium,高,Australia事件可能影响资源可得性，建议立即评估替代资源、采购安全库存和项目推进节奏。
0c2d1575df21,高,中,低,高,Zimbabwe / lithium,高,Zimbabwe事件可能影响资源可得性，建议立即评估替代资源、采购安全库存和项目推进节奏。
391df1c08f4d,高,中,低,高,Chile / lithium,高,Chile事件可能影响资源可得性，建议立即评估替代资源、采购安全库存和项目推进节奏。
8de4646bb52f,中,中,中,中,Australia / lithium,高,Australia政策变量正在改变项目经济性，建议复核税费、合规成本和投资回报假设。
4d972e1d7d1a,中,中,中,中,China / lithium,高,China政策变量正在改变项目经济性，建议复核税费、合规成本和投资回报假设。
e9e9baada130,中,低,高,中,Australia / James Bay / lithium,高,Australia项目审批进展会影响未来供给兑现，建议更新项目投产概率和资源池排序。
969ee247d536,中,低,高,中,Australia / James Bay / lithium,高,Australia项目审批进展会影响未来供给兑现，建议更新项目投产概率和资源池排序。
bd5df769dc31,中,中,中,中,Canada / lithium,高,Canada政策变量正在改变项目经济性，建议复核税费、合规成本和投资回报假设。
d698e0776396,高,高,低,中,Australia / lithium,高,Australia事件可能影响资源可得性，建议立即评估替代资源、采购安全库存和项目推进节奏。
cf2a4c22dc41,低,低,低,低,Canada / Thacker Pass / lithium,高,该事件对供给安全为低、采购成本为低、投资机会为低、地缘风险为低，建议纳入周度跟踪。
a483ca30c702,高,高,低,低,Brazil / lithium,高,Brazil事件可能影响资源可得性，建议立即评估替代资源、采购安全库存和项目推进节奏。
c5c0bf72279d,高,高,低,中,Australia / lithium,高,Australia事件可能影响资源可得性，建议立即评估替代资源、采购安全库存和项目推进节奏。
a77166b3a2a2,低,低,低,低,Zimbabwe / lithium,高,该事件对供给安全为低、采购成本为低、投资机会为低、地缘风险为低，建议纳入周度跟踪。
c4c9b0eb4f3f,高,中,低,高,Zimbabwe / lithium,高,Zimbabwe事件可能影响资源可得性，建议立即评估替代资源、采购安全库存和项目推进节奏。
ba783854d4e8,高,中,低,高,Zimbabwe / lithium,高,Zimbabwe事件可能影响资源可得性，建议立即评估替代资源、采购安全库存和项目推进节奏。
c53ddea60124,高,中,低,高,Brazil / lithium,高,Brazil事件可能影响资源可得性，建议立即评估替代资源、采购安全库存和项目推进节奏。
ebc323d6edd2,低,低,低,低,China / lithium,高,该事件对供给安全为低、采购成本为低、投资机会为低、地缘风险为低，建议纳入周度跟踪。
af1ce5a81bd3,低,低,低,低,Chile / Rincon / lithium,高,该事件对供给安全为低、采购成本为低、投资机会为低、地缘风险为低，建议纳入周度跟踪。
2d33127e6b54,低,低,低,低,Brazil / lithium carbonate,高,该事件对供给安全为低、采购成本为低、投资机会为低、地缘风险为低，建议纳入周度跟踪。
0c7a70688044,低,低,低,低,Argentina / brine,高,该事件对供给安全为低、采购成本为低、投资机会为低、地缘风险为低，建议纳入周度跟踪。
adec9aa9c451,低,低,低,低,Brazil / lithium,高,该事件对供给安全为低、采购成本为低、投资机会为低、地缘风险为低，建议纳入周度跟踪。
4d4788773ce4,低,低,低,中,Australia / Finniss / lithium,高,该事件对供给安全为低、采购成本为低、投资机会为低、地缘风险为中，建议纳入周度跟踪。
7843faf80f59,高,高,低,低,China / lithium,高,China事件可能影响资源可得性，建议立即评估替代资源、采购安全库存和项目推进节奏。
6ada615d701e,高,高,低,低,China / lithium,高,China事件可能影响资源可得性，建议立即评估替代资源、采购安全库存和项目推进节奏。
062db3c2e745,高,高,低,中,Australia / lithium,高,Australia事件可能影响资源可得性，建议立即评估替代资源、采购安全库存和项目推进节奏。
61d8e6f1a4c6,高,高,低,低,Finniss / spodumene,高,相关区域事件可能影响资源可得性，建议立即评估替代资源、采购安全库存和项目推进节奏。
19ad0a5a4d3e,高,高,低,中,Australia / lithium,高,Australia事件可能影响资源可得性，建议立即评估替代资源、采购安全库存和项目推进节奏。
7d1c10f0922a,高,高,低,中,Australia / lithium,高,Australia事件可能影响资源可得性，建议立即评估替代资源、采购安全库存和项目推进节奏。
7e395d9f5a60,高,高,低,中,Australia / lithium,高,Australia事件可能影响资源可得性，建议立即评估替代资源、采购安全库存和项目推进节奏。
fa062f1293f7,高,高,低,中,Australia / lithium,高,Australia事件可能影响资源可得性，建议立即评估替代资源、采购安全库存和项目推进节奏。
c5f0ad514dae,中,低,高,低,Argentina / lithium,高,Argentina项目审批进展会影响未来供给兑现，建议更新项目投产概率和资源池排序。
71ad0f899545,低,低,低,中,Australia / lithium,高,该事件对供给安全为低、采购成本为低、投资机会为低、地缘风险为中，建议纳入周度跟踪。
ac98b0e04170,中,低,高,中,Australia / Cinovec,高,Australia项目审批进展会影响未来供给兑现，建议更新项目投产概率和资源池排序。
777a9fabac81,高,中,低,高,Zimbabwe / lithium,高,Zimbabwe事件可能影响资源可得性，建议立即评估替代资源、采购安全库存和项目推进节奏。
1aac67093fcb,低,低,低,低,Argentina / lithium,高,该事件对供给安全为低、采购成本为低、投资机会为低、地缘风险为低，建议纳入周度跟踪。
a67e0088cea1,中,高,中,中,China / lithium hydroxide,高,该事件对供给安全为中、采购成本为高、投资机会为中、地缘风险为中，建议纳入周度跟踪。
077946350eb0,中,高,中,中,Australia / spodumene,高,该事件对供给安全为中、采购成本为高、投资机会为中、地缘风险为中，建议纳入周度跟踪。
f62b2dfe0759,高,中,低,高,Zimbabwe / lithium,高,Zimbabwe事件可能影响资源可得性，建议立即评估替代资源、采购安全库存和项目推进节奏。
4a8ee09e7a78,高,中,低,高,Zimbabwe / lithium,高,Zimbabwe事件可能影响资源可得性，建议立即评估替代资源、采购安全库存和项目推进节奏。
7875521f6296,高,中,低,高,Zimbabwe / lithium,高,Zimbabwe事件可能影响资源可得性，建议立即评估替代资源、采购安全库存和项目推进节奏。
36fd70585502,中,高,中,中,Australia / spodumene,高,该事件对供给安全为中、采购成本为高、投资机会为中、地缘风险为中，建议纳入周度跟踪。
98d55c1a65e2,低,低,低,低,Canada / lithium,高,该事件对供给安全为低、采购成本为低、投资机会为低、地缘风险为低，建议纳入周度跟踪。
ad94f08a5bac,低,低,低,低,Brazil / lithium,高,该事件对供给安全为低、采购成本为低、投资机会为低、地缘风险为低，建议纳入周度跟踪。
105e8d8ce5ef,低,低,低,低,Brazil / lithium,高,该事件对供给安全为低、采购成本为低、投资机会为低、地缘风险为低，建议纳入周度跟踪。
26867c6bfdf2,高,高,低,低,Finniss / lithium,高,相关区域事件可能影响资源可得性，建议立即评估替代资源、采购安全库存和项目推进节奏。
9857085f1cf5,低,低,高,低,Chile / lithium,高,SQM completes Codelco lithium merger after Chile court rejects appeal - Mining.com可能改变优质资源竞争格局，建议判断是否需要进入优先接触或跟踪清单。
dd9b51da30e7,低,低,高,低,Chile / lithium,高,"Chile takes a historic step: NovaAndino Litio, the Codelco-SQM joint venture for lithium development in the Atacama Salt Flat, is made a reality - Codelco可能改变优质资源竞争格局，建议判断是否需要进入优先接触或跟踪清单。"
e2d29e69e338,低,低,高,低,Chile / lithium,高,China approves key joint venture for lithium production in Chile - upi.com可能改变优质资源竞争格局，建议判断是否需要进入优先接触或跟踪清单。
1d961d191b5f,低,低,高,低,Brazil / lithium,高,Pilbara Minerals completes acquisition of Latin Resources and Brazilian lithium project | ASX:LRS - Proactive financial news可能改变优质资源竞争格局，建议判断是否需要进入优先接触或跟踪清单。
5da52faeba60,低,低,低,中,Australia / lithium,高,该事件对供给安全为低、采购成本为低、投资机会为低、地缘风险为中，建议纳入周度跟踪。
3bb82d3ea56e,低,低,高,低,Argentina / lithium,高,Lithium Argentina and Ganfeng to Form New Joint Venture - Panorama Minero可能改变优质资源竞争格局，建议判断是否需要进入优先接触或跟踪清单。
f881ce6060f8,低,低,高,低,Argentina / lithium,高,Lithium Argentina-Ganfeng Lithium joint venture to boost lithium production - Mining Technology可能改变优质资源竞争格局，建议判断是否需要进入优先接触或跟踪清单。
dafb3f19c082,低,低,高,低,Chile / lithium,高,Chile regulator greenlights Codelco-SQM lithium joint venture - Reuters可能改变优质资源竞争格局，建议判断是否需要进入优先接触或跟踪清单。
4e3d18aff985,中,低,高,低,Argentina / brine,高,Argentina项目审批进展会影响未来供给兑现，建议更新项目投产概率和资源池排序。
7398151071e2,高,中,低,高,Zimbabwe / lithium,高,Zimbabwe事件可能影响资源可得性，建议立即评估替代资源、采购安全库存和项目推进节奏。
7ff9cdf873e8,高,中,低,高,Zimbabwe / lithium,高,Zimbabwe事件可能影响资源可得性，建议立即评估替代资源、采购安全库存和项目推进节奏。
8926bbb0f988,高,中,低,高,Zimbabwe / lithium,高,Zimbabwe事件可能影响资源可得性，建议立即评估替代资源、采购安全库存和项目推进节奏。
5d74861431f9,高,中,低,高,Zimbabwe / lithium,高,Zimbabwe事件可能影响资源可得性，建议立即评估替代资源、采购安全库存和项目推进节奏。
d47f0fe76280,高,中,低,高,Zimbabwe / lithium,高,Zimbabwe事件可能影响资源可得性，建议立即评估替代资源、采购安全库存和项目推进节奏。
fb14d32c3778,高,中,低,高,Zimbabwe / lithium,高,Zimbabwe事件可能影响资源可得性，建议立即评估替代资源、采购安全库存和项目推进节奏。
0cf9180562da,高,中,低,高,Zimbabwe / lithium,高,Zimbabwe事件可能影响资源可得性，建议立即评估替代资源、采购安全库存和项目推进节奏。
71ef4af6ee51,高,中,低,高,Zimbabwe / lithium,高,Zimbabwe事件可能影响资源可得性，建议立即评估替代资源、采购安全库存和项目推进节奏。
fac2b8c02ac7,中,低,高,低,Argentina / lithium,高,Argentina项目审批进展会影响未来供给兑现，建议更新项目投产概率和资源池排序。
274ef237016b,低,低,低,中,Australia / lithium,高,该事件对供给安全为低、采购成本为低、投资机会为低、地缘风险为中，建议纳入周度跟踪。
e293682e7a74,低,低,低,中,Australia / lithium,高,该事件对供给安全为低、采购成本为低、投资机会为低、地缘风险为中，建议纳入周度跟踪。
b372cba4cdb5,高,中,低,高,Zimbabwe / lithium,高,Zimbabwe事件可能影响资源可得性，建议立即评估替代资源、采购安全库存和项目推进节奏。
2cbec1f22f97,高,中,低,高,Zimbabwe / lithium,高,Zimbabwe事件可能影响资源可得性，建议立即评估替代资源、采购安全库存和项目推进节奏。
c8d2ca55bb8a,高,中,低,高,Zimbabwe / lithium,高,Zimbabwe事件可能影响资源可得性，建议立即评估替代资源、采购安全库存和项目推进节奏。
3805aafe751d,中,低,高,低,Argentina / lithium,高,Argentina项目审批进展会影响未来供给兑现，建议更新项目投产概率和资源池排序。
558dc6207eab,低,低,低,中,Australia / lithium,高,该事件对供给安全为低、采购成本为低、投资机会为低、地缘风险为中，建议纳入周度跟踪。
396d1c1268f1,高,中,低,高,Zimbabwe / lithium,高,Zimbabwe事件可能影响资源可得性，建议立即评估替代资源、采购安全库存和项目推进节奏。
7a9e52e8274f,高,中,低,高,Zimbabwe / lithium,高,Zimbabwe事件可能影响资源可得性，建议立即评估替代资源、采购安全库存和项目推进节奏。
32a8486313d1,高,中,低,高,Zimbabwe / lithium,高,Zimbabwe事件可能影响资源可得性，建议立即评估替代资源、采购安全库存和项目推进节奏。
af5ba69bab28,低,低,低,低,Argentina / lithium,高,该事件对供给安全为低、采购成本为低、投资机会为低、地缘风险为低，建议纳入周度跟踪。
bfd494428cd5,高,中,低,高,Zimbabwe / lithium,高,Zimbabwe事件可能影响资源可得性，建议立即评估替代资源、采购安全库存和项目推进节奏。
abf1de90f74f,低,低,低,低,China / lithium,高,该事件对供给安全为低、采购成本为低、投资机会为低、地缘风险为低，建议纳入周度跟踪。
b2abd6132e28,高,中,低,高,Zimbabwe / lithium,高,Zimbabwe事件可能影响资源可得性，建议立即评估替代资源、采购安全库存和项目推进节奏。
5145ebf5474a,高,中,低,高,Zimbabwe / lithium,高,Zimbabwe事件可能影响资源可得性，建议立即评估替代资源、采购安全库存和项目推进节奏。
aa9ecba55537,中,中,中,中,Argentina / brine,高,Argentina政策变量正在改变项目经济性，建议复核税费、合规成本和投资回报假设。
abbb70ebf31e,高,中,低,高,Zimbabwe / lithium,高,Zimbabwe事件可能影响资源可得性，建议立即评估替代资源、采购安全库存和项目推进节奏。
a1439d8a5873,高,中,低,高,Zimbabwe / lithium,高,Zimbabwe事件可能影响资源可得性，建议立即评估替代资源、采购安全库存和项目推进节奏。
f9efaaff3c72,高,中,低,高,Zimbabwe / lithium,高,Zimbabwe事件可能影响资源可得性，建议立即评估替代资源、采购安全库存和项目推进节奏。
e3982925a956,低,低,低,中,Australia / lithium,高,该事件对供给安全为低、采购成本为低、投资机会为低、地缘风险为中，建议纳入周度跟踪。
f48a91bf393d,中,中,中,中,Chile / lithium,高,Chile政策变量正在改变项目经济性，建议复核税费、合规成本和投资回报假设。
a527dbbda96c,高,中,低,高,Zimbabwe / lithium,高,Zimbabwe事件可能影响资源可得性，建议立即评估替代资源、采购安全库存和项目推进节奏。
03d2c40714e3,高,中,低,高,Zimbabwe / lithium,高,Zimbabwe事件可能影响资源可得性，建议立即评估替代资源、采购安全库存和项目推进节奏。
0344d17096d1,高,中,低,高,Zimbabwe / lithium,高,Zimbabwe事件可能影响资源可得性，建议立即评估替代资源、采购安全库存和项目推进节奏。
145d98efdff0,低,低,低,中,Australia / lithium,高,该事件对供给安全为低、采购成本为低、投资机会为低、地缘风险为中，建议纳入周度跟踪。
d5272f4cd2d8,高,中,低,高,Zimbabwe / lithium,高,Zimbabwe事件可能影响资源可得性，建议立即评估替代资源、采购安全库存和项目推进节奏。
0cdb13716b35,高,中,低,高,Zimbabwe / lithium,高,Zimbabwe事件可能影响资源可得性，建议立即评估替代资源、采购安全库存和项目推进节奏。
55059821fea7,中,中,中,中,Argentina / lithium,高,Argentina政策变量正在改变项目经济性，建议复核税费、合规成本和投资回报假设。
4bba71529841,高,中,低,高,Zimbabwe / lithium,高,Zimbabwe事件可能影响资源可得性，建议立即评估替代资源、采购安全库存和项目推进节奏。
402fc777d340,高,中,低,高,Zimbabwe / lithium,高,Zimbabwe事件可能影响资源可得性，建议立即评估替代资源、采购安全库存和项目推进节奏。
79013ed34e41,高,中,低,高,Zimbabwe / lithium,高,Zimbabwe事件可能影响资源可得性，建议立即评估替代资源、采购安全库存和项目推进节奏。
c9f2cdfd4242,高,中,低,高,Zimbabwe / lithium,高,Zimbabwe事件可能影响资源可得性，建议立即评估替代资源、采购安全库存和项目推进节奏。
49c2984afe24,高,中,低,高,Zimbabwe / lithium,高,Zimbabwe事件可能影响资源可得性，建议立即评估替代资源、采购安全库存和项目推进节奏。
736f591c6464,高,中,低,高,Zimbabwe / lithium,高,Zimbabwe事件可能影响资源可得性，建议立即评估替代资源、采购安全库存和项目推进节奏。
d1f532601727,高,中,低,高,Zimbabwe / lithium,高,Zimbabwe事件可能影响资源可得性，建议立即评估替代资源、采购安全库存和项目推进节奏。
f5c7197dbbac,高,中,低,高,Zimbabwe / lithium,高,Zimbabwe事件可能影响资源可得性，建议立即评估替代资源、采购安全库存和项目推进节奏。
fa8bc3901ad4,高,中,低,高,Zimbabwe / lithium,高,Zimbabwe事件可能影响资源可得性，建议立即评估替代资源、采购安全库存和项目推进节奏。
24fa0cea82fe,高,中,低,高,Zimbabwe / lithium,高,Zimbabwe事件可能影响资源可得性，建议立即评估替代资源、采购安全库存和项目推进节奏。
9760959f732f,低,低,低,中,Australia / lithium,高,该事件对供给安全为低、采购成本为低、投资机会为低、地缘风险为中，建议纳入周度跟踪。
51a4d371c3c2,低,低,低,中,Australia / lithium,高,该事件对供给安全为低、采购成本为低、投资机会为低、地缘风险为中，建议纳入周度跟踪。
29c1fd3b7db8,低,低,低,中,Australia / lithium,高,该事件对供给安全为低、采购成本为低、投资机会为低、地缘风险为中，建议纳入周度跟踪。
64e621f54fb7,低,低,低,低,China / lithium,高,该事件对供给安全为低、采购成本为低、投资机会为低、地缘风险为低，建议纳入周度跟踪。
8f30e0b4d200,低,低,低,中,Australia / lithium,高,该事件对供给安全为低、采购成本为低、投资机会为低、地缘风险为中，建议纳入周度跟踪。
dfbee8b31c48,低,低,低,中,Australia / lithium,高,该事件对供给安全为低、采购成本为低、投资机会为低、地缘风险为中，建议纳入周度跟踪。
52d5eb50b3a0,低,低,低,中,Australia / lithium,高,该事件对供给安全为低、采购成本为低、投资机会为低、地缘风险为中，建议纳入周度跟踪。
4ce5dc737697,低,低,低,低,Ghana / lithium,高,该事件对供给安全为低、采购成本为低、投资机会为低、地缘风险为低，建议纳入周度跟踪。
94203ff84798,低,低,低,中,United States / Rincon / lithium,高,该事件对供给安全为低、采购成本为低、投资机会为低、地缘风险为中，建议纳入周度跟踪。
12de09b0c7aa,低,低,低,低,Canada / lithium,高,该事件对供给安全为低、采购成本为低、投资机会为低、地缘风险为低，建议纳入周度跟踪。
65b25c33f7f6,低,低,低,低,Canada / lithium,高,该事件对供给安全为低、采购成本为低、投资机会为低、地缘风险为低，建议纳入周度跟踪。
3768193bf612,低,低,低,低,Canada / lithium,高,该事件对供给安全为低、采购成本为低、投资机会为低、地缘风险为低，建议纳入周度跟踪。
bfdb1b5867f2,低,低,低,低,Canada / lithium,高,该事件对供给安全为低、采购成本为低、投资机会为低、地缘风险为低，建议纳入周度跟踪。
9478ec8dd740,低,低,低,低,Canada / lithium,高,该事件对供给安全为低、采购成本为低、投资机会为低、地缘风险为低，建议纳入周度跟踪。
6dcf6f21e1be,低,低,低,低,Canada / lithium,高,该事件对供给安全为低、采购成本为低、投资机会为低、地缘风险为低，建议纳入周度跟踪。
31288832cc54,低,低,低,低,Canada / lithium,高,该事件对供给安全为低、采购成本为低、投资机会为低、地缘风险为低，建议纳入周度跟踪。
eba70d7bd4d8,低,低,低,低,Canada / lithium,高,该事件对供给安全为低、采购成本为低、投资机会为低、地缘风险为低，建议纳入周度跟踪。
be61b153c6aa,低,低,低,低,Canada / lithium,高,该事件对供给安全为低、采购成本为低、投资机会为低、地缘风险为低，建议纳入周度跟踪。
31174e7b4ce3,低,低,低,低,Brazil / lithium,高,该事件对供给安全为低、采购成本为低、投资机会为低、地缘风险为低，建议纳入周度跟踪。
2dd433e44eb8,低,低,低,低,Brazil / lithium,高,该事件对供给安全为低、采购成本为低、投资机会为低、地缘风险为低，建议纳入周度跟踪。
814f44302b28,低,低,低,低,Brazil / lithium,高,该事件对供给安全为低、采购成本为低、投资机会为低、地缘风险为低，建议纳入周度跟踪。
fa137399a9dc,低,低,低,中,Australia / lithium,高,该事件对供给安全为低、采购成本为低、投资机会为低、地缘风险为中，建议纳入周度跟踪。
fde70e93ba8c,低,低,低,中,Australia / lithium,高,该事件对供给安全为低、采购成本为低、投资机会为低、地缘风险为中，建议纳入周度跟踪。
0d696bab356b,低,低,低,低,Canada / lithium,高,该事件对供给安全为低、采购成本为低、投资机会为低、地缘风险为低，建议纳入周度跟踪。
607c3de18c83,低,低,低,低,Brazil / lithium,高,该事件对供给安全为低、采购成本为低、投资机会为低、地缘风险为低，建议纳入周度跟踪。
331c5d37e08b,低,低,低,中,Australia / lithium,高,该事件对供给安全为低、采购成本为低、投资机会为低、地缘风险为中，建议纳入周度跟踪。
9404f7eac290,低,低,低,低,Canada / lithium,高,该事件对供给安全为低、采购成本为低、投资机会为低、地缘风险为低，建议纳入周度跟踪。
484011b40dee,低,低,低,低,Canada / lithium,高,该事件对供给安全为低、采购成本为低、投资机会为低、地缘风险为低，建议纳入周度跟踪。
141362c6cc67,低,低,低,低,Brazil / lithium,高,该事件对供给安全为低、采购成本为低、投资机会为低、地缘风险为低，建议纳入周度跟踪。
22b074e50dc3,低,低,低,低,Brazil / lithium,高,该事件对供给安全为低、采购成本为低、投资机会为低、地缘风险为低，建议纳入周度跟踪。
8a6ceda20d08,低,低,低,低,Brazil / lithium,高,该事件对供给安全为低、采购成本为低、投资机会为低、地缘风险为低，建议纳入周度跟踪。
46c113d709e5,低,低,低,低,Chile / lithium,高,该事件对供给安全为低、采购成本为低、投资机会为低、地缘风险为低，建议纳入周度跟踪。
4f041d8f1ca5,低,低,低,中,Australia / lithium,高,该事件对供给安全为低、采购成本为低、投资机会为低、地缘风险为中，建议纳入周度跟踪。
90797a4067ba,低,低,低,中,Australia / lithium,高,该事件对供给安全为低、采购成本为低、投资机会为低、地缘风险为中，建议纳入周度跟踪。
599a1f63c40a,低,低,低,中,Australia / lithium,高,该事件对供给安全为低、采购成本为低、投资机会为低、地缘风险为中，建议纳入周度跟踪。
a5e879d46ab0,高,高,低,低,Zimbabwe / lithium,高,Zimbabwe事件可能影响资源可得性，建议立即评估替代资源、采购安全库存和项目推进节奏。
cd7c2f7616d8,低,低,低,低,China / lithium,高,该事件对供给安全为低、采购成本为低、投资机会为低、地缘风险为低，建议纳入周度跟踪。
6ac7f6e82c64,低,低,低,低,Chile / lithium,高,该事件对供给安全为低、采购成本为低、投资机会为低、地缘风险为低，建议纳入周度跟踪。
edc23e0c4327,低,低,低,低,Brazil / lithium,高,该事件对供给安全为低、采购成本为低、投资机会为低、地缘风险为低，建议纳入周度跟踪。
881e8d4b8650,低,低,低,中,Australia / lithium,高,该事件对供给安全为低、采购成本为低、投资机会为低、地缘风险为中，建议纳入周度跟踪。
c576fd450509,低,低,低,低,Argentina / Cauchari-Olaroz / brine,高,该事件对供给安全为低、采购成本为低、投资机会为低、地缘风险为低，建议纳入周度跟踪。
3520e9f14c74,低,低,低,中,Australia / lithium,高,该事件对供给安全为低、采购成本为低、投资机会为低、地缘风险为中，建议纳入周度跟踪。
3ca9f50a7bcb,高,高,低,中,Australia / lithium,高,Australia事件可能影响资源可得性，建议立即评估替代资源、采购安全库存和项目推进节奏。
b28aae379a02,低,低,低,低,Argentina / Cauchari-Olaroz / lithium,高,该事件对供给安全为低、采购成本为低、投资机会为低、地缘风险为低，建议纳入周度跟踪。
ddc80072e584,低,低,低,中,Australia / lithium,高,该事件对供给安全为低、采购成本为低、投资机会为低、地缘风险为中，建议纳入周度跟踪。
eef1ec7553d3,低,低,低,低,Argentina / Cauchari-Olaroz / brine,高,该事件对供给安全为低、采购成本为低、投资机会为低、地缘风险为低，建议纳入周度跟踪。
8dc13aa2cac4,低,低,低,低,Chile / lithium,高,该事件对供给安全为低、采购成本为低、投资机会为低、地缘风险为低，建议纳入周度跟踪。
09e879651e8f,中,低,高,低,Argentina / Cauchari-Olaroz / brine,高,Argentina项目审批进展会影响未来供给兑现，建议更新项目投产概率和资源池排序。
1ce79b55064a,中,低,高,中,United States / spodumene,高,United States项目审批进展会影响未来供给兑现，建议更新项目投产概率和资源池排序。
6b367fdaa730,中,低,高,中,Australia,高,Australia项目审批进展会影响未来供给兑现，建议更新项目投产概率和资源池排序。
5735d14967da,中,低,高,中,Australia,高,Australia项目审批进展会影响未来供给兑现，建议更新项目投产概率和资源池排序。
6570d800e71e,低,低,低,低,Chile / spodumene,高,该事件对供给安全为低、采购成本为低、投资机会为低、地缘风险为低，建议纳入周度跟踪。
a8a23847c5db,中,中,中,中,Chile / lithium,高,Chile政策变量正在改变项目经济性，建议复核税费、合规成本和投资回报假设。
bf2fc1c2121a,中,中,中,中,Chile / lithium,高,Chile政策变量正在改变项目经济性，建议复核税费、合规成本和投资回报假设。
627a769d225f,中,中,中,中,Chile / lithium,高,Chile政策变量正在改变项目经济性，建议复核税费、合规成本和投资回报假设。
378dee1087a7,中,中,中,中,Chile / lithium,高,Chile政策变量正在改变项目经济性，建议复核税费、合规成本和投资回报假设。
f61219b4265c,中,中,中,中,Chile / lithium,高,Chile政策变量正在改变项目经济性，建议复核税费、合规成本和投资回报假设。
ffcfd1b57d0a,中,中,中,中,Chile / lithium,高,Chile政策变量正在改变项目经济性，建议复核税费、合规成本和投资回报假设。
aded4b0cecf6,中,中,中,中,Canada / lithium,高,Canada政策变量正在改变项目经济性，建议复核税费、合规成本和投资回报假设。
16cf6f0253f7,中,中,中,中,Zimbabwe / lithium,高,Zimbabwe政策变量正在改变项目经济性，建议复核税费、合规成本和投资回报假设。
cf733ad12311,中,中,中,中,China / lithium,高,China政策变量正在改变项目经济性，建议复核税费、合规成本和投资回报假设。
8b2d9f7f89a4,中,中,中,中,Argentina / lithium,高,Argentina政策变量正在改变项目经济性，建议复核税费、合规成本和投资回报假设。
10f894479768,中,中,中,中,Zimbabwe / spodumene,高,Zimbabwe政策变量正在改变项目经济性，建议复核税费、合规成本和投资回报假设。
a225523244e3,中,中,中,中,Argentina / lithium,高,Argentina政策变量正在改变项目经济性，建议复核税费、合规成本和投资回报假设。
0b1440728f29,中,中,中,中,China / lithium,高,China政策变量正在改变项目经济性，建议复核税费、合规成本和投资回报假设。
11c443cf6c6e,中,中,中,中,China / lithium,高,China政策变量正在改变项目经济性，建议复核税费、合规成本和投资回报假设。
591a51a0f3f6,中,中,中,中,Canada / brine,高,Canada政策变量正在改变项目经济性，建议复核税费、合规成本和投资回报假设。
7f6e960b72ae,中,中,中,中,China / lithium,高,China政策变量正在改变项目经济性，建议复核税费、合规成本和投资回报假设。
0d785bf79f4d,中,中,中,中,Australia / lithium,高,Australia政策变量正在改变项目经济性，建议复核税费、合规成本和投资回报假设。
866d1a509adb,中,高,中,中,Australia / spodumene,高,该事件对供给安全为中、采购成本为高、投资机会为中、地缘风险为中，建议纳入周度跟踪。
dc7c22065b35,低,低,低,中,United States / lithium,高,该事件对供给安全为低、采购成本为低、投资机会为低、地缘风险为中，建议纳入周度跟踪。
8a258438c6b7,低,低,低,中,United States / lithium,高,该事件对供给安全为低、采购成本为低、投资机会为低、地缘风险为中，建议纳入周度跟踪。
3f6323905ae5,低,低,低,中,United States / lithium,高,该事件对供给安全为低、采购成本为低、投资机会为低、地缘风险为中，建议纳入周度跟踪。
18cb02b4bbb2,低,低,低,中,United States / lithium,高,该事件对供给安全为低、采购成本为低、投资机会为低、地缘风险为中，建议纳入周度跟踪。
91672d1bc48a,低,低,低,中,United States / lithium,高,该事件对供给安全为低、采购成本为低、投资机会为低、地缘风险为中，建议纳入周度跟踪。
be4391794ac6,低,低,低,低,Chile / lithium,高,该事件对供给安全为低、采购成本为低、投资机会为低、地缘风险为低，建议纳入周度跟踪。
187c7fbb608d,低,低,低,中,Australia / lithium,高,该事件对供给安全为低、采购成本为低、投资机会为低、地缘风险为中，建议纳入周度跟踪。
c8ac1a682833,低,低,低,低,Chile / lithium,高,该事件对供给安全为低、采购成本为低、投资机会为低、地缘风险为低，建议纳入周度跟踪。
4dba5cb3f0b8,低,低,低,低,Chile / lithium,高,该事件对供给安全为低、采购成本为低、投资机会为低、地缘风险为低，建议纳入周度跟踪。
d5a873b87edb,低,低,低,低,Chile / lithium,高,该事件对供给安全为低、采购成本为低、投资机会为低、地缘风险为低，建议纳入周度跟踪。
0d20329e8b5d,低,低,低,低,Chile / lithium,高,该事件对供给安全为低、采购成本为低、投资机会为低、地缘风险为低，建议纳入周度跟踪。
2a9f147c5ce9,低,低,低,低,Chile / lithium,高,该事件对供给安全为低、采购成本为低、投资机会为低、地缘风险为低，建议纳入周度跟踪。
ae2a3e109d22,低,低,低,低,Chile / lithium,高,该事件对供给安全为低、采购成本为低、投资机会为低、地缘风险为低，建议纳入周度跟踪。
c1b11e916e6c,低,低,低,低,Chile / lithium,高,该事件对供给安全为低、采购成本为低、投资机会为低、地缘风险为低，建议纳入周度跟踪。
01208a5dd9cd,低,低,低,低,Chile / lithium,高,该事件对供给安全为低、采购成本为低、投资机会为低、地缘风险为低，建议纳入周度跟踪。
941189de2c58,低,低,低,低,Chile / brine,高,该事件对供给安全为低、采购成本为低、投资机会为低、地缘风险为低，建议纳入周度跟踪。
9533224f1be5,低,低,低,中,Australia / lithium,高,该事件对供给安全为低、采购成本为低、投资机会为低、地缘风险为中，建议纳入周度跟踪。
db51d07cdd13,低,低,低,中,Australia / lithium,高,该事件对供给安全为低、采购成本为低、投资机会为低、地缘风险为中，建议纳入周度跟踪。
fe14d1478f98,低,低,低,低,Chile / lithium,高,该事件对供给安全为低、采购成本为低、投资机会为低、地缘风险为低，建议纳入周度跟踪。
2acb3cc11d6d,高,高,低,低,Greenbushes / lithium,高,该事件对供给安全为高、采购成本为高、投资机会为低、地缘风险为低，建议纳入周度跟踪。
c92bea36d33b,低,低,低,中,Australia / lithium,高,该事件对供给安全为低、采购成本为低、投资机会为低、地缘风险为中，建议纳入周度跟踪。
a05e2d5a579c,低,低,低,中,Australia / spodumene,高,该事件对供给安全为低、采购成本为低、投资机会为低、地缘风险为中，建议纳入周度跟踪。
fd2c6f8d9559,低,低,低,中,Australia / lithium,高,该事件对供给安全为低、采购成本为低、投资机会为低、地缘风险为中，建议纳入周度跟踪。
140a3a39ee2e,低,低,低,中,Australia / lithium,高,该事件对供给安全为低、采购成本为低、投资机会为低、地缘风险为中，建议纳入周度跟踪。
c742adb83fec,低,低,低,中,Australia / lithium,高,该事件对供给安全为低、采购成本为低、投资机会为低、地缘风险为中，建议纳入周度跟踪。
0261c17fc123,低,低,低,中,Australia / lithium,高,该事件对供给安全为低、采购成本为低、投资机会为低、地缘风险为中，建议纳入周度跟踪。
e5a91bbbd0eb,低,低,低,低,China / brine,高,该事件对供给安全为低、采购成本为低、投资机会为低、地缘风险为低，建议纳入周度跟踪。
d9953478d5c9,低,低,低,低,China / lithium,高,该事件对供给安全为低、采购成本为低、投资机会为低、地缘风险为低，建议纳入周度跟踪。
872d0d700b7e,低,低,低,低,Argentina / lithium,高,该事件对供给安全为低、采购成本为低、投资机会为低、地缘风险为低，建议纳入周度跟踪。
6eac112c828e,低,低,低,低,Argentina / lithium,高,该事件对供给安全为低、采购成本为低、投资机会为低、地缘风险为低，建议纳入周度跟踪。
7c620818bc18,低,低,低,低,China / lithium,高,该事件对供给安全为低、采购成本为低、投资机会为低、地缘风险为低，建议纳入周度跟踪。
515f1f600613,低,低,低,低,Argentina / lithium,高,该事件对供给安全为低、采购成本为低、投资机会为低、地缘风险为低，建议纳入周度跟踪。
585f19adb8f5,低,低,低,低,Argentina / lithium,高,该事件对供给安全为低、采购成本为低、投资机会为低、地缘风险为低，建议纳入周度跟踪。
f522549bc45a,低,低,低,低,Argentina / brine,高,该事件对供给安全为低、采购成本为低、投资机会为低、地缘风险为低，建议纳入周度跟踪。
5384c9a10660,低,低,低,低,Argentina / lithium,高,该事件对供给安全为低、采购成本为低、投资机会为低、地缘风险为低，建议纳入周度跟踪。
ead1a1f472e8,低,低,低,中,Australia / lithium,高,该事件对供给安全为低、采购成本为低、投资机会为低、地缘风险为中，建议纳入周度跟踪。
5228b898b9cc,低,低,低,低,China / lithium,高,该事件对供给安全为低、采购成本为低、投资机会为低、地缘风险为低，建议纳入周度跟踪。
92ca9069b345,低,低,低,低,Argentina / lithium,高,该事件对供给安全为低、采购成本为低、投资机会为低、地缘风险为低，建议纳入周度跟踪。
108f2349982b,低,低,低,低,China / lithium,高,该事件对供给安全为低、采购成本为低、投资机会为低、地缘风险为低，建议纳入周度跟踪。
3bb981e7e2d2,低,低,低,低,Argentina / lithium,高,该事件对供给安全为低、采购成本为低、投资机会为低、地缘风险为低，建议纳入周度跟踪。
05e43816db27,低,低,低,低,Argentina / lithium,高,该事件对供给安全为低、采购成本为低、投资机会为低、地缘风险为低，建议纳入周度跟踪。
be897a1850f2,低,低,低,低,Argentina / lithium,高,该事件对供给安全为低、采购成本为低、投资机会为低、地缘风险为低，建议纳入周度跟踪。
88ba1189c0a8,低,低,低,低,China / lithium,高,该事件对供给安全为低、采购成本为低、投资机会为低、地缘风险为低，建议纳入周度跟踪。
ea344f43ddc3,低,低,低,低,Chile / lithium,高,该事件对供给安全为低、采购成本为低、投资机会为低、地缘风险为低，建议纳入周度跟踪。
ba705a386050,低,低,低,低,Chile / lithium,高,该事件对供给安全为低、采购成本为低、投资机会为低、地缘风险为低，建议纳入周度跟踪。
67421ff93d40,中,低,高,低,China / Olaroz / brine,高,China项目审批进展会影响未来供给兑现，建议更新项目投产概率和资源池排序。
a93ce4fce85c,高,高,低,低,Greenbushes / lithium,高,该事件对供给安全为高、采购成本为高、投资机会为低、地缘风险为低，建议纳入周度跟踪。
54dd8ca454e1,低,低,低,低,Chile / lithium,高,该事件对供给安全为低、采购成本为低、投资机会为低、地缘风险为低，建议纳入周度跟踪。
a98113d8b950,低,低,低,低,Chile / lithium,高,该事件对供给安全为低、采购成本为低、投资机会为低、地缘风险为低，建议纳入周度跟踪。
1d18ad1f822f,低,低,低,低,Chile / lithium,高,该事件对供给安全为低、采购成本为低、投资机会为低、地缘风险为低，建议纳入周度跟踪。
a9000f2a3586,低,低,低,低,Chile / lithium,高,该事件对供给安全为低、采购成本为低、投资机会为低、地缘风险为低，建议纳入周度跟踪。
7866caf955cf,低,低,低,低,Argentina / brine,高,该事件对供给安全为低、采购成本为低、投资机会为低、地缘风险为低，建议纳入周度跟踪。
e965b2c980c0,低,低,低,低,Chile / lithium,高,该事件对供给安全为低、采购成本为低、投资机会为低、地缘风险为低，建议纳入周度跟踪。
65a3a98edf88,低,低,低,低,Chile / lithium,高,该事件对供给安全为低、采购成本为低、投资机会为低、地缘风险为低，建议纳入周度跟踪。
3ac3e862dbf4,低,低,低,中,Australia / lithium,高,该事件对供给安全为低、采购成本为低、投资机会为低、地缘风险为中，建议纳入周度跟踪。
74c0a4a1e4cc,低,低,低,中,Australia / lithium,高,该事件对供给安全为低、采购成本为低、投资机会为低、地缘风险为中，建议纳入周度跟踪。
c665c32398d2,低,低,低,低,Chile / lithium,高,该事件对供给安全为低、采购成本为低、投资机会为低、地缘风险为低，建议纳入周度跟踪。
037190a639da,低,低,低,低,Chile / lithium,高,该事件对供给安全为低、采购成本为低、投资机会为低、地缘风险为低，建议纳入周度跟踪。
a5436c1e1c01,低,低,低,低,Chile / lithium,高,该事件对供给安全为低、采购成本为低、投资机会为低、地缘风险为低，建议纳入周度跟踪。
8a8f41a0784e,低,低,低,中,Australia / lithium,高,该事件对供给安全为低、采购成本为低、投资机会为低、地缘风险为中，建议纳入周度跟踪。
d8a8cf468f3b,低,低,低,中,Australia / lithium,高,该事件对供给安全为低、采购成本为低、投资机会为低、地缘风险为中，建议纳入周度跟踪。
afed736c3e78,高,中,低,高,lithium,高,相关区域事件可能影响资源可得性，建议立即评估替代资源、采购安全库存和项目推进节奏。
cd721caa5401,中,低,高,低,China / Olaroz / brine,高,China项目审批进展会影响未来供给兑现，建议更新项目投产概率和资源池排序。
ef5b630b1f66,低,低,低,低,Zimbabwe / lithium,高,该事件对供给安全为低、采购成本为低、投资机会为低、地缘风险为低，建议纳入周度跟踪。
a0198158a270,低,低,低,中,Australia / lithium,高,该事件对供给安全为低、采购成本为低、投资机会为低、地缘风险为中，建议纳入周度跟踪。
6991bda402d8,低,低,低,中,Australia / lithium,高,该事件对供给安全为低、采购成本为低、投资机会为低、地缘风险为中，建议纳入周度跟踪。
c9cd68013cc7,低,低,低,中,Australia / lithium,高,该事件对供给安全为低、采购成本为低、投资机会为低、地缘风险为中，建议纳入周度跟踪。
5b151a462cb9,低,低,低,中,Australia / lithium,高,该事件对供给安全为低、采购成本为低、投资机会为低、地缘风险为中，建议纳入周度跟踪。
9a6746bfa4f2,低,低,低,中,Australia / lithium,高,该事件对供给安全为低、采购成本为低、投资机会为低、地缘风险为中，建议纳入周度跟踪。
05e2ea6a4eff,低,低,低,低,Argentina / lithium,高,该事件对供给安全为低、采购成本为低、投资机会为低、地缘风险为低，建议纳入周度跟踪。
2157e6184336,低,低,低,低,Chile / lithium,高,该事件对供给安全为低、采购成本为低、投资机会为低、地缘风险为低，建议纳入周度跟踪。
a19d416c8755,低,低,低,中,Australia / lithium,高,该事件对供给安全为低、采购成本为低、投资机会为低、地缘风险为中，建议纳入周度跟踪。
2fa981d7dfa6,低,低,低,低,Chile / lithium,高,该事件对供给安全为低、采购成本为低、投资机会为低、地缘风险为低，建议纳入周度跟踪。
b0b129f57ca8,低,低,低,中,Australia / lithium,高,该事件对供给安全为低、采购成本为低、投资机会为低、地缘风险为中，建议纳入周度跟踪。
f1fe6dbe7dfe,低,低,低,低,Chile / lithium,高,该事件对供给安全为低、采购成本为低、投资机会为低、地缘风险为低，建议纳入周度跟踪。
80e1d7834d9c,低,低,低,低,Brazil / lithium,高,该事件对供给安全为低、采购成本为低、投资机会为低、地缘风险为低，建议纳入周度跟踪。
237a019e5670,低,低,低,低,Chile / lithium,高,该事件对供给安全为低、采购成本为低、投资机会为低、地缘风险为低，建议纳入周度跟踪。
d9acde3fe146,低,低,低,中,Australia / lithium,高,该事件对供给安全为低、采购成本为低、投资机会为低、地缘风险为中，建议纳入周度跟踪。
39bdb13ba56a,低,低,低,中,Australia / lithium,高,该事件对供给安全为低、采购成本为低、投资机会为低、地缘风险为中，建议纳入周度跟踪。
78f5cf879194,低,低,低,中,Australia / lithium,高,该事件对供给安全为低、采购成本为低、投资机会为低、地缘风险为中，建议纳入周度跟踪。
6b62ee6a0fe3,低,低,低,中,Australia / lithium,高,该事件对供给安全为低、采购成本为低、投资机会为低、地缘风险为中，建议纳入周度跟踪。
56d6c043d21f,中,低,高,低,Argentina / Olaroz / brine,高,Argentina项目审批进展会影响未来供给兑现，建议更新项目投产概率和资源池排序。
56e179c8804b,低,低,低,低,Chile / lithium,高,该事件对供给安全为低、采购成本为低、投资机会为低、地缘风险为低，建议纳入周度跟踪。
2aa6fc5e6178,低,低,低,中,Australia / lithium hydroxide,高,该事件对供给安全为低、采购成本为低、投资机会为低、地缘风险为中，建议纳入周度跟踪。
286a6cc683a6,低,低,低,低,Chile / lithium,高,该事件对供给安全为低、采购成本为低、投资机会为低、地缘风险为低，建议纳入周度跟踪。
288c29df96c7,低,低,低,低,Chile / lithium,高,该事件对供给安全为低、采购成本为低、投资机会为低、地缘风险为低，建议纳入周度跟踪。
3d9dbc8317a7,低,低,低,低,Chile / lithium,高,该事件对供给安全为低、采购成本为低、投资机会为低、地缘风险为低，建议纳入周度跟踪。
54df4ce64204,低,低,低,中,Australia / lithium,高,该事件对供给安全为低、采购成本为低、投资机会为低、地缘风险为中，建议纳入周度跟踪。
5a91af7a932d,低,低,低,低,Chile / lithium,高,该事件对供给安全为低、采购成本为低、投资机会为低、地缘风险为低，建议纳入周度跟踪。
b11cca5d7295,低,低,低,中,Australia / lithium,高,该事件对供给安全为低、采购成本为低、投资机会为低、地缘风险为中，建议纳入周度跟踪。
309034be6f1c,低,低,低,中,Australia / lithium,高,该事件对供给安全为低、采购成本为低、投资机会为低、地缘风险为中，建议纳入周度跟踪。
504ad29a4add,低,低,低,低,Chile / lithium,高,该事件对供给安全为低、采购成本为低、投资机会为低、地缘风险为低，建议纳入周度跟踪。
2ea700bc3685,低,低,低,低,Chile / lithium,高,该事件对供给安全为低、采购成本为低、投资机会为低、地缘风险为低，建议纳入周度跟踪。
6fe8e43d6083,低,低,低,中,Australia / lithium,高,该事件对供给安全为低、采购成本为低、投资机会为低、地缘风险为中，建议纳入周度跟踪。
09d6a65e0df9,低,低,低,低,China / lithium,高,该事件对供给安全为低、采购成本为低、投资机会为低、地缘风险为低，建议纳入周度跟踪。
27ea8b52e20f,低,低,低,低,China / lithium,高,该事件对供给安全为低、采购成本为低、投资机会为低、地缘风险为低，建议纳入周度跟踪。
27a96612ac07,低,低,低,低,China / lithium,高,该事件对供给安全为低、采购成本为低、投资机会为低、地缘风险为低，建议纳入周度跟踪。
cc4c4c83707d,低,低,低,低,China / lithium,高,该事件对供给安全为低、采购成本为低、投资机会为低、地缘风险为低，建议纳入周度跟踪。
fd6dfe4b1891,低,低,低,中,Australia / lithium,高,该事件对供给安全为低、采购成本为低、投资机会为低、地缘风险为中，建议纳入周度跟踪。
2fd290034b09,低,低,低,中,Australia / lithium,高,该事件对供给安全为低、采购成本为低、投资机会为低、地缘风险为中，建议纳入周度跟踪。
ba99f8600c4f,低,低,低,中,Australia / lithium,高,该事件对供给安全为低、采购成本为低、投资机会为低、地缘风险为中，建议纳入周度跟踪。
b827934b8c47,低,低,低,低,China / lithium,高,该事件对供给安全为低、采购成本为低、投资机会为低、地缘风险为低，建议纳入周度跟踪。
b6748b79f96d,低,低,低,低,Argentina / lithium,高,该事件对供给安全为低、采购成本为低、投资机会为低、地缘风险为低，建议纳入周度跟踪。
40fff6fa8ac5,低,低,低,低,Chile / lithium,高,该事件对供给安全为低、采购成本为低、投资机会为低、地缘风险为低，建议纳入周度跟踪。
ed72d5b0dbe8,低,低,低,中,Australia / lithium hydroxide,高,该事件对供给安全为低、采购成本为低、投资机会为低、地缘风险为中，建议纳入周度跟踪。
0daa85c39049,低,低,低,中,Australia / lithium,高,该事件对供给安全为低、采购成本为低、投资机会为低、地缘风险为中，建议纳入周度跟踪。
7b8e1f557161,低,低,低,低,Brazil / lithium,高,该事件对供给安全为低、采购成本为低、投资机会为低、地缘风险为低，建议纳入周度跟踪。
3e86094cb7a5,低,低,低,低,China / lithium,高,该事件对供给安全为低、采购成本为低、投资机会为低、地缘风险为低，建议纳入周度跟踪。
4fd390b804f3,低,低,低,低,China / lithium,高,该事件对供给安全为低、采购成本为低、投资机会为低、地缘风险为低，建议纳入周度跟踪。
0aa64d2a091b,低,低,低,低,Argentina / lithium,高,该事件对供给安全为低、采购成本为低、投资机会为低、地缘风险为低，建议纳入周度跟踪。
42b057e85337,低,低,低,低,Argentina / lithium,高,该事件对供给安全为低、采购成本为低、投资机会为低、地缘风险为低，建议纳入周度跟踪。
95ee7e28efdf,低,低,低,低,China / lithium,高,该事件对供给安全为低、采购成本为低、投资机会为低、地缘风险为低，建议纳入周度跟踪。
e1b6b2a76058,低,低,低,低,China / lithium,高,该事件对供给安全为低、采购成本为低、投资机会为低、地缘风险为低，建议纳入周度跟踪。
aa29d96bd932,低,低,低,低,China / lithium,高,该事件对供给安全为低、采购成本为低、投资机会为低、地缘风险为低，建议纳入周度跟踪。
4cc43d589693,低,低,低,低,Argentina / lithium,高,该事件对供给安全为低、采购成本为低、投资机会为低、地缘风险为低，建议纳入周度跟踪。
7be5009dccc1,低,低,低,中,Australia / lithium,高,该事件对供给安全为低、采购成本为低、投资机会为低、地缘风险为中，建议纳入周度跟踪。
abd7e0565900,低,低,低,中,Australia / lithium,高,该事件对供给安全为低、采购成本为低、投资机会为低、地缘风险为中，建议纳入周度跟踪。
f36901d9aa29,低,低,低,低,China / lithium,高,该事件对供给安全为低、采购成本为低、投资机会为低、地缘风险为低，建议纳入周度跟踪。
76cc01a135f4,低,低,低,低,Argentina / lithium,高,该事件对供给安全为低、采购成本为低、投资机会为低、地缘风险为低，建议纳入周度跟踪。
94ea3d9c0798,低,低,低,低,Argentina / lithium,高,该事件对供给安全为低、采购成本为低、投资机会为低、地缘风险为低，建议纳入周度跟踪。
78571c01a88f,低,低,低,低,Argentina / lithium,高,该事件对供给安全为低、采购成本为低、投资机会为低、地缘风险为低，建议纳入周度跟踪。
cc85c3d8e11e,低,低,低,低,China / lithium,高,该事件对供给安全为低、采购成本为低、投资机会为低、地缘风险为低，建议纳入周度跟踪。
49bbd72aad72,低,低,低,低,China / brine,高,该事件对供给安全为低、采购成本为低、投资机会为低、地缘风险为低，建议纳入周度跟踪。
c96ce30d06fe,中,低,高,低,Argentina / Kachi / brine,高,Argentina项目审批进展会影响未来供给兑现，建议更新项目投产概率和资源池排序。
4f11c539557a,低,低,低,低,Argentina / lithium,高,该事件对供给安全为低、采购成本为低、投资机会为低、地缘风险为低，建议纳入周度跟踪。
e77f83709b66,低,低,低,低,Argentina / lithium,高,该事件对供给安全为低、采购成本为低、投资机会为低、地缘风险为低，建议纳入周度跟踪。
4529258c8120,低,低,低,低,Chile / lithium,高,该事件对供给安全为低、采购成本为低、投资机会为低、地缘风险为低，建议纳入周度跟踪。
695d4313ed30,低,低,低,低,China / lithium,高,该事件对供给安全为低、采购成本为低、投资机会为低、地缘风险为低，建议纳入周度跟踪。
c59e62d399fc,低,低,低,低,Argentina / lithium,高,该事件对供给安全为低、采购成本为低、投资机会为低、地缘风险为低，建议纳入周度跟踪。
1c16451e26f4,低,低,低,低,Argentina / lithium,高,该事件对供给安全为低、采购成本为低、投资机会为低、地缘风险为低，建议纳入周度跟踪。
7a079a0737dc,低,低,低,低,Chile / lithium,高,该事件对供给安全为低、采购成本为低、投资机会为低、地缘风险为低，建议纳入周度跟踪。
c7e74c2fe865,低,低,低,低,Argentina / brine,高,该事件对供给安全为低、采购成本为低、投资机会为低、地缘风险为低，建议纳入周度跟踪。
dfc7bc59a980,低,低,低,低,Argentina / lithium,高,该事件对供给安全为低、采购成本为低、投资机会为低、地缘风险为低，建议纳入周度跟踪。
4850e7fba23b,低,低,低,低,Chile / lithium,高,该事件对供给安全为低、采购成本为低、投资机会为低、地缘风险为低，建议纳入周度跟踪。
16b2c5129c04,低,低,低,低,Chile / lithium,高,该事件对供给安全为低、采购成本为低、投资机会为低、地缘风险为低，建议纳入周度跟踪。
1b11d58ce83d,低,低,低,低,Argentina / lithium,高,该事件对供给安全为低、采购成本为低、投资机会为低、地缘风险为低，建议纳入周度跟踪。
e4d2a50b306d,低,低,低,低,Argentina / lithium,高,该事件对供给安全为低、采购成本为低、投资机会为低、地缘风险为低，建议纳入周度跟踪。
c662abb0c515,低,低,低,低,Argentina / lithium,高,该事件对供给安全为低、采购成本为低、投资机会为低、地缘风险为低，建议纳入周度跟踪。
a10d86653e79,低,低,低,低,Argentina / lithium,高,该事件对供给安全为低、采购成本为低、投资机会为低、地缘风险为低，建议纳入周度跟踪。
4d86bb455967,高,高,低,低,lithium,高,相关区域事件可能影响资源可得性，建议立即评估替代资源、采购安全库存和项目推进节奏。
bf2bd4f221e8,低,低,高,低,Smackover Formation / lithium carbonate,高,T5 Smackover Partners Signs Offtake Agreement with Glencore for Lithium Carbonate from East Texas Smackover Formation - PR Newswire可能改变优质资源竞争格局，建议判断是否需要进入优先接触或跟踪清单。
2d41148346a7,高,高,低,低,lithium,高,相关区域事件可能影响资源可得性，建议立即评估替代资源、采购安全库存和项目推进节奏。
081f2f6e69b9,中,低,高,低,China / lithium,高,China项目审批进展会影响未来供给兑现，建议更新项目投产概率和资源池排序。
15fb813d8713,高,高,低,低,lithium,高,相关区域事件可能影响资源可得性，建议立即评估替代资源、采购安全库存和项目推进节奏。
570da7d72680,高,高,低,低,lithium,高,相关区域事件可能影响资源可得性，建议立即评估替代资源、采购安全库存和项目推进节奏。
badb77223b5c,高,高,低,低,lithium,高,该事件对供给安全为高、采购成本为高、投资机会为低、地缘风险为低，建议纳入周度跟踪。
c2d9be8b80f1,高,高,低,低,lithium,高,该事件对供给安全为高、采购成本为高、投资机会为低、地缘风险为低，建议纳入周度跟踪。
33e4ea7499dc,高,高,低,低,lithium,高,该事件对供给安全为高、采购成本为高、投资机会为低、地缘风险为低，建议纳入周度跟踪。
ee633b021754,高,高,低,低,lithium,高,相关区域事件可能影响资源可得性，建议立即评估替代资源、采购安全库存和项目推进节奏。
caa19920d8e7,高,高,低,低,lithium,高,该事件对供给安全为高、采购成本为高、投资机会为低、地缘风险为低，建议纳入周度跟踪。
4607e7b193db,高,中,低,高,Zimbabwe / lithium,高,Zimbabwe事件可能影响资源可得性，建议立即评估替代资源、采购安全库存和项目推进节奏。
4f672e74dc15,高,中,低,高,Zimbabwe / lithium,高,Zimbabwe事件可能影响资源可得性，建议立即评估替代资源、采购安全库存和项目推进节奏。
005b258ed450,高,中,低,高,Zimbabwe / lithium,高,Zimbabwe事件可能影响资源可得性，建议立即评估替代资源、采购安全库存和项目推进节奏。
08f7712a1060,高,中,低,高,Zimbabwe / lithium,高,Zimbabwe事件可能影响资源可得性，建议立即评估替代资源、采购安全库存和项目推进节奏。
c232fdcbae60,高,中,低,高,Zimbabwe / lithium,高,Zimbabwe事件可能影响资源可得性，建议立即评估替代资源、采购安全库存和项目推进节奏。
351e02fe9aff,低,低,低,中,United States / lithium,高,该事件对供给安全为低、采购成本为低、投资机会为低、地缘风险为中，建议纳入周度跟踪。
b16050a806ca,低,低,低,中,United States / lithium,高,该事件对供给安全为低、采购成本为低、投资机会为低、地缘风险为中，建议纳入周度跟踪。
1d11dc82ea2d,低,低,低,中,United States / lithium,高,该事件对供给安全为低、采购成本为低、投资机会为低、地缘风险为中，建议纳入周度跟踪。
288655d41a5e,低,低,低,中,United States / lithium,高,该事件对供给安全为低、采购成本为低、投资机会为低、地缘风险为中，建议纳入周度跟踪。
5396214ce0bf,低,低,低,中,United States / lithium,高,该事件对供给安全为低、采购成本为低、投资机会为低、地缘风险为中，建议纳入周度跟踪。
a6715e62f30f,低,低,低,中,United States / lithium,高,该事件对供给安全为低、采购成本为低、投资机会为低、地缘风险为中，建议纳入周度跟踪。
7db9747186ea,低,低,低,中,United States / lithium,高,该事件对供给安全为低、采购成本为低、投资机会为低、地缘风险为中，建议纳入周度跟踪。
d39383c7fe36,低,低,低,中,United States / lithium,高,该事件对供给安全为低、采购成本为低、投资机会为低、地缘风险为中，建议纳入周度跟踪。
338adb68f866,低,低,低,中,United States / spodumene,高,该事件对供给安全为低、采购成本为低、投资机会为低、地缘风险为中，建议纳入周度跟踪。
e3b9c3553710,低,低,低,中,United States / lithium,高,该事件对供给安全为低、采购成本为低、投资机会为低、地缘风险为中，建议纳入周度跟踪。
f42a07a690e6,低,低,低,中,United States / lithium,高,该事件对供给安全为低、采购成本为低、投资机会为低、地缘风险为中，建议纳入周度跟踪。
6a9f993b44d5,低,低,低,中,United States / lithium,高,该事件对供给安全为低、采购成本为低、投资机会为低、地缘风险为中，建议纳入周度跟踪。
0cb53e6fc620,低,低,低,中,United States / lithium,高,该事件对供给安全为低、采购成本为低、投资机会为低、地缘风险为中，建议纳入周度跟踪。
50a4ac6c8387,低,低,低,中,United States / lithium,高,该事件对供给安全为低、采购成本为低、投资机会为低、地缘风险为中，建议纳入周度跟踪。
11b49e231741,低,低,低,中,United States / lithium,高,该事件对供给安全为低、采购成本为低、投资机会为低、地缘风险为中，建议纳入周度跟踪。
88ca37a9df2f,低,低,低,中,United States / lithium,高,该事件对供给安全为低、采购成本为低、投资机会为低、地缘风险为中，建议纳入周度跟踪。
edad50bb9b29,低,低,低,中,United States / lithium,高,该事件对供给安全为低、采购成本为低、投资机会为低、地缘风险为中，建议纳入周度跟踪。
6a8cf1b0bc85,低,低,低,中,United States / lithium,高,该事件对供给安全为低、采购成本为低、投资机会为低、地缘风险为中，建议纳入周度跟踪。
4419afa3f4db,低,低,低,中,United States / lithium,高,该事件对供给安全为低、采购成本为低、投资机会为低、地缘风险为中，建议纳入周度跟踪。
24b8fc064240,低,低,低,中,United States / lithium,高,该事件对供给安全为低、采购成本为低、投资机会为低、地缘风险为中，建议纳入周度跟踪。
fcbb62ad5caa,低,低,低,中,United States / lithium,高,该事件对供给安全为低、采购成本为低、投资机会为低、地缘风险为中，建议纳入周度跟踪。
39a7e9df4202,低,低,低,中,United States / lithium,高,该事件对供给安全为低、采购成本为低、投资机会为低、地缘风险为中，建议纳入周度跟踪。
326d30d15e68,低,低,低,中,United States / lithium,高,该事件对供给安全为低、采购成本为低、投资机会为低、地缘风险为中，建议纳入周度跟踪。
637170db797a,低,低,低,中,United States / lithium,高,该事件对供给安全为低、采购成本为低、投资机会为低、地缘风险为中，建议纳入周度跟踪。
c0b9fe96b25f,低,低,低,中,United States / lithium,高,该事件对供给安全为低、采购成本为低、投资机会为低、地缘风险为中，建议纳入周度跟踪。
593d0439487d,低,低,低,中,United States / lithium,高,该事件对供给安全为低、采购成本为低、投资机会为低、地缘风险为中，建议纳入周度跟踪。
3f60a4391cca,低,低,低,中,United States / lithium,高,该事件对供给安全为低、采购成本为低、投资机会为低、地缘风险为中，建议纳入周度跟踪。
f93c45e5031a,低,低,低,中,United States / spodumene,高,该事件对供给安全为低、采购成本为低、投资机会为低、地缘风险为中，建议纳入周度跟踪。
95d7bb43da10,低,低,低,中,United States / lithium,高,该事件对供给安全为低、采购成本为低、投资机会为低、地缘风险为中，建议纳入周度跟踪。
9ed897464e80,低,低,低,中,United States / lithium,高,该事件对供给安全为低、采购成本为低、投资机会为低、地缘风险为中，建议纳入周度跟踪。
d902523dbbdf,低,低,低,中,United States / lithium,高,该事件对供给安全为低、采购成本为低、投资机会为低、地缘风险为中，建议纳入周度跟踪。
dcedd83b3c3d,低,低,低,中,United States / lithium,高,该事件对供给安全为低、采购成本为低、投资机会为低、地缘风险为中，建议纳入周度跟踪。
d4c9a79716db,低,低,低,中,United States / lithium,高,该事件对供给安全为低、采购成本为低、投资机会为低、地缘风险为中，建议纳入周度跟踪。
e25d87a8ecd1,低,低,低,低,Brazil,高,该事件对供给安全为低、采购成本为低、投资机会为低、地缘风险为低，建议纳入周度跟踪。
4f726a1758b1,低,低,低,低,Brazil,高,该事件对供给安全为低、采购成本为低、投资机会为低、地缘风险为低，建议纳入周度跟踪。
58a7e7fa29a3,低,低,低,低,Brazil,高,该事件对供给安全为低、采购成本为低、投资机会为低、地缘风险为低，建议纳入周度跟踪。
9eebfc8dfaed,高,中,低,高,Zimbabwe / lithium,高,Zimbabwe事件可能影响资源可得性，建议立即评估替代资源、采购安全库存和项目推进节奏。
d22cf74b5d1d,高,中,低,高,Zimbabwe / lithium,高,Zimbabwe事件可能影响资源可得性，建议立即评估替代资源、采购安全库存和项目推进节奏。
f0ad8c5879ac,高,中,低,高,Zimbabwe / lithium,高,Zimbabwe事件可能影响资源可得性，建议立即评估替代资源、采购安全库存和项目推进节奏。
89538bdd31bb,高,中,低,高,Zimbabwe / lithium,高,Zimbabwe事件可能影响资源可得性，建议立即评估替代资源、采购安全库存和项目推进节奏。
fb424913d855,高,中,低,高,Zimbabwe / lithium,高,Zimbabwe事件可能影响资源可得性，建议立即评估替代资源、采购安全库存和项目推进节奏。
5d48ffe482a4,高,中,低,高,Zimbabwe / lithium,高,Zimbabwe事件可能影响资源可得性，建议立即评估替代资源、采购安全库存和项目推进节奏。
60458c819061,低,低,低,低,North American Lithium / lithium,高,该事件对供给安全为低、采购成本为低、投资机会为低、地缘风险为低，建议纳入周度跟踪。
ec20b464da5c,高,中,低,高,Zimbabwe / lithium,高,Zimbabwe事件可能影响资源可得性，建议立即评估替代资源、采购安全库存和项目推进节奏。
cec984daac4c,高,中,低,高,Zimbabwe / lithium,高,Zimbabwe事件可能影响资源可得性，建议立即评估替代资源、采购安全库存和项目推进节奏。
3938b02ded21,高,中,低,高,Zimbabwe / lithium,高,Zimbabwe事件可能影响资源可得性，建议立即评估替代资源、采购安全库存和项目推进节奏。
fbd167eedc99,高,中,低,高,Zimbabwe / lithium,高,Zimbabwe事件可能影响资源可得性，建议立即评估替代资源、采购安全库存和项目推进节奏。
0309837d9f69,高,中,低,高,Zimbabwe / lithium,高,Zimbabwe事件可能影响资源可得性，建议立即评估替代资源、采购安全库存和项目推进节奏。
70e2d609385f,高,中,低,高,Zimbabwe / lithium,高,Zimbabwe事件可能影响资源可得性，建议立即评估替代资源、采购安全库存和项目推进节奏。
bc537433ca26,高,中,低,高,Zimbabwe / lithium,高,Zimbabwe事件可能影响资源可得性，建议立即评估替代资源、采购安全库存和项目推进节奏。
35d3797c6176,中,中,中,中,lithium,高,相关区域政策变量正在改变项目经济性，建议复核税费、合规成本和投资回报假设。
5ad724f16bf7,高,中,低,高,Zimbabwe / lithium,高,Zimbabwe事件可能影响资源可得性，建议立即评估替代资源、采购安全库存和项目推进节奏。
0ed0b1deeda8,高,中,低,高,Zimbabwe / lithium,高,Zimbabwe事件可能影响资源可得性，建议立即评估替代资源、采购安全库存和项目推进节奏。
40e2571cafcd,中,中,中,中,lithium,高,相关区域政策变量正在改变项目经济性，建议复核税费、合规成本和投资回报假设。
f2a2585dc596,中,中,中,中,lithium,高,相关区域政策变量正在改变项目经济性，建议复核税费、合规成本和投资回报假设。
db89f0b33f0d,中,中,中,中,lithium,高,相关区域政策变量正在改变项目经济性，建议复核税费、合规成本和投资回报假设。
b92aa751e0a6,中,中,中,中,lithium,高,相关区域政策变量正在改变项目经济性，建议复核税费、合规成本和投资回报假设。
4217290a787d,中,中,中,中,lithium,高,相关区域政策变量正在改变项目经济性，建议复核税费、合规成本和投资回报假设。
44effba0f21b,中,高,中,中,spodumene,高,该事件对供给安全为中、采购成本为高、投资机会为中、地缘风险为中，建议纳入周度跟踪。
f8db77ee237d,中,高,中,中,spodumene,高,该事件对供给安全为中、采购成本为高、投资机会为中、地缘风险为中，建议纳入周度跟踪。
ad58a7caf036,中,高,中,中,Ewoyaa / spodumene,高,该事件对供给安全为中、采购成本为高、投资机会为中、地缘风险为中，建议纳入周度跟踪。
6d0df15ee1b8,高,中,低,高,Zimbabwe / lithium,高,Zimbabwe事件可能影响资源可得性，建议立即评估替代资源、采购安全库存和项目推进节奏。
e8488137277a,高,高,低,低,China / lithium,高,China事件可能影响资源可得性，建议立即评估替代资源、采购安全库存和项目推进节奏。
5a55589fd1ad,高,高,低,低,China / lithium,高,China事件可能影响资源可得性，建议立即评估替代资源、采购安全库存和项目推进节奏。
78e7c21406fe,高,高,低,中,Australia / lithium,高,Australia事件可能影响资源可得性，建议立即评估替代资源、采购安全库存和项目推进节奏。
461fe5f054fd,高,高,低,低,China / lithium,高,China事件可能影响资源可得性，建议立即评估替代资源、采购安全库存和项目推进节奏。
f83cedc0cbf1,高,高,低,低,China / lithium,高,China事件可能影响资源可得性，建议立即评估替代资源、采购安全库存和项目推进节奏。
825615cc9eee,高,高,低,低,lithium,高,相关区域事件可能影响资源可得性，建议立即评估替代资源、采购安全库存和项目推进节奏。
05133b9ea77a,低,低,高,低,brine,高,"SQM, Codelco Seal Landmark Lithium Joint Venture in Salar de Atacama - Investing News Network可能改变优质资源竞争格局，建议判断是否需要进入优先接触或跟踪清单。"
2fcfb69ea9a4,低,低,低,低,lithium,高,该事件对供给安全为低、采购成本为低、投资机会为低、地缘风险为低，建议纳入周度跟踪。
7bbc1ca349e8,高,高,低,低,China / lithium,高,China事件可能影响资源可得性，建议立即评估替代资源、采购安全库存和项目推进节奏。
c8a7ca4e5fe7,中,中,中,中,Australia / lithium,高,Australia政策变量正在改变项目经济性，建议复核税费、合规成本和投资回报假设。
9c2fc7592aaa,高,高,低,中,Australia / lithium,高,Australia事件可能影响资源可得性，建议立即评估替代资源、采购安全库存和项目推进节奏。
4636586cc246,中,中,中,中,Chile / lithium,高,Chile政策变量正在改变项目经济性，建议复核税费、合规成本和投资回报假设。
2a345406d5f9,高,高,低,中,Australia / lithium,高,Australia事件可能影响资源可得性，建议立即评估替代资源、采购安全库存和项目推进节奏。
446b6c284f6c,中,中,中,中,Australia / lithium,高,Australia政策变量正在改变项目经济性，建议复核税费、合规成本和投资回报假设。
27ee71878bc7,高,高,低,中,Australia / lithium,高,Australia事件可能影响资源可得性，建议立即评估替代资源、采购安全库存和项目推进节奏。
d5ef51f6bf77,低,低,高,低,lithium,高,Codelco & SQM seal landmark lithium joint venture in Atacama - Indian Chemical News可能改变优质资源竞争格局，建议判断是否需要进入优先接触或跟踪清单。
0d1399e4dda5,高,高,低,低,China / lithium,高,China事件可能影响资源可得性，建议立即评估替代资源、采购安全库存和项目推进节奏。
d78d7d54f9c8,中,中,中,中,Zimbabwe / lithium,高,Zimbabwe政策变量正在改变项目经济性，建议复核税费、合规成本和投资回报假设。
34f8beb2abd0,高,高,低,中,Australia / lithium,高,Australia事件可能影响资源可得性，建议立即评估替代资源、采购安全库存和项目推进节奏。
67232b2c3edd,低,低,低,低,lithium,高,该事件对供给安全为低、采购成本为低、投资机会为低、地缘风险为低，建议纳入周度跟踪。
7dd4fb6e9585,高,高,低,低,China / lithium,高,China事件可能影响资源可得性，建议立即评估替代资源、采购安全库存和项目推进节奏。
0a591bf8ef8c,低,低,高,低,lithium,高,Leo Lithium eyes acquisitions after cashing in on Goulamina exit - Mining Weekly可能改变优质资源竞争格局，建议判断是否需要进入优先接触或跟踪清单。
4fb733d6486d,高,高,低,低,China / lithium,高,China事件可能影响资源可得性，建议立即评估替代资源、采购安全库存和项目推进节奏。
d259d7afd0fd,低,低,高,低,Finniss / lithium,高,Core Lithium pays $2m to terminate last Finniss offtake - Mining Weekly可能改变优质资源竞争格局，建议判断是否需要进入优先接触或跟踪清单。
71d7e7d3435f,中,中,中,中,Chile / lithium,高,Chile政策变量正在改变项目经济性，建议复核税费、合规成本和投资回报假设。
e4a96e8db96d,高,高,低,低,China / lithium,高,China事件可能影响资源可得性，建议立即评估替代资源、采购安全库存和项目推进节奏。
29b8e5413839,高,高,低,低,Zimbabwe / lithium,高,Zimbabwe事件可能影响资源可得性，建议立即评估替代资源、采购安全库存和项目推进节奏。
816487a98503,高,高,低,低,China / lithium,高,China事件可能影响资源可得性，建议立即评估替代资源、采购安全库存和项目推进节奏。
cf3104cab375,低,低,高,低,lithium,高,Sigma Lithium Announces Full Year 2025 Results: US$31M Cash Flow and 47% Cash Margin in 4Q25; Signed US$146M in Two Offtake Agreements - TMX Newsfile可能改变优质资源竞争格局，建议判断是否需要进入优先接触或跟踪清单。
533befaace21,高,高,低,低,China / lithium,高,China事件可能影响资源可得性，建议立即评估替代资源、采购安全库存和项目推进节奏。
d43d0ccc655a,低,低,低,低,Greenbushes / lithium,高,该事件对供给安全为低、采购成本为低、投资机会为低、地缘风险为低，建议纳入周度跟踪。
94b45d38a7bd,高,高,低,低,Argentina / lithium,高,该事件对供给安全为高、采购成本为高、投资机会为低、地缘风险为低，建议纳入周度跟踪。
72d001adfc0d,高,高,低,低,Argentina / lithium,高,该事件对供给安全为高、采购成本为高、投资机会为低、地缘风险为低，建议纳入周度跟踪。
ce5f0d901bf5,高,高,低,低,Argentina / lithium,高,该事件对供给安全为高、采购成本为高、投资机会为低、地缘风险为低，建议纳入周度跟踪。
ae6cc3b61515,高,高,低,低,Zimbabwe / lithium,高,Zimbabwe事件可能影响资源可得性，建议立即评估替代资源、采购安全库存和项目推进节奏。
92136406cbb2,低,低,低,低,lithium,高,该事件对供给安全为低、采购成本为低、投资机会为低、地缘风险为低，建议纳入周度跟踪。
b3ba96f014f6,低,低,低,中,Australia / Greenbushes / lithium,高,该事件对供给安全为低、采购成本为低、投资机会为低、地缘风险为中，建议纳入周度跟踪。
480c7828af4f,中,中,中,中,Argentina / lithium,高,Argentina政策变量正在改变项目经济性，建议复核税费、合规成本和投资回报假设。
d23f942eb3ac,低,低,低,低,lithium,高,该事件对供给安全为低、采购成本为低、投资机会为低、地缘风险为低，建议纳入周度跟踪。
8d37895ab38a,高,高,低,低,Zimbabwe / lithium,高,Zimbabwe事件可能影响资源可得性，建议立即评估替代资源、采购安全库存和项目推进节奏。
e454c9a837c1,中,中,中,中,Chile / lithium,高,Chile政策变量正在改变项目经济性，建议复核税费、合规成本和投资回报假设。
bee81b686a3e,中,中,中,中,Chile / lithium,高,Chile政策变量正在改变项目经济性，建议复核税费、合规成本和投资回报假设。
626581c76582,中,中,中,中,Chile / lithium,高,Chile政策变量正在改变项目经济性，建议复核税费、合规成本和投资回报假设。
962d4e05c6aa,低,低,低,低,Chile / Smackover Formation / lithium,高,该事件对供给安全为低、采购成本为低、投资机会为低、地缘风险为低，建议纳入周度跟踪。
d3bc69b75310,低,低,低,低,Chile / Atacama / brine,高,该事件对供给安全为低、采购成本为低、投资机会为低、地缘风险为低，建议纳入周度跟踪。
054d077b87cb,低,低,低,中,United States / lithium,高,该事件对供给安全为低、采购成本为低、投资机会为低、地缘风险为中，建议纳入周度跟踪。
e770cb7e9775,低,低,低,中,United States / lithium,高,该事件对供给安全为低、采购成本为低、投资机会为低、地缘风险为中，建议纳入周度跟踪。
c20f8c78d189,低,低,低,中,United States / lithium,高,该事件对供给安全为低、采购成本为低、投资机会为低、地缘风险为中，建议纳入周度跟踪。
f3495b0ea201,低,低,低,中,United States / lithium,高,该事件对供给安全为低、采购成本为低、投资机会为低、地缘风险为中，建议纳入周度跟踪。
238db00b6e07,低,低,低,中,United States / lithium,高,该事件对供给安全为低、采购成本为低、投资机会为低、地缘风险为中，建议纳入周度跟踪。
014ef5996042,低,低,低,低,Argentina / lithium,高,该事件对供给安全为低、采购成本为低、投资机会为低、地缘风险为低，建议纳入周度跟踪。
5497d2147a94,高,中,低,高,lithium,高,相关区域事件可能影响资源可得性，建议立即评估替代资源、采购安全库存和项目推进节奏。
4c935999fd53,低,低,低,中,Australia / lithium,高,该事件对供给安全为低、采购成本为低、投资机会为低、地缘风险为中，建议纳入周度跟踪。
b1e9e85d11b9,低,低,低,中,Australia / lithium,高,该事件对供给安全为低、采购成本为低、投资机会为低、地缘风险为中，建议纳入周度跟踪。
81ad2e3953c3,低,低,低,低,lithium,高,该事件对供给安全为低、采购成本为低、投资机会为低、地缘风险为低，建议纳入周度跟踪。
94e428b795ab,中,高,中,中,China / spodumene,高,该事件对供给安全为中、采购成本为高、投资机会为中、地缘风险为中，建议纳入周度跟踪。
3eb15b14e355,低,低,低,低,Argentina / lithium,高,该事件对供给安全为低、采购成本为低、投资机会为低、地缘风险为低，建议纳入周度跟踪。
346f02441582,低,低,低,低,Chile / lithium,高,该事件对供给安全为低、采购成本为低、投资机会为低、地缘风险为低，建议纳入周度跟踪。
8e5f4a165297,低,低,低,中,Australia / lithium,高,该事件对供给安全为低、采购成本为低、投资机会为低、地缘风险为中，建议纳入周度跟踪。
488bea85b77c,低,低,低,低,Argentina / lithium,高,该事件对供给安全为低、采购成本为低、投资机会为低、地缘风险为低，建议纳入周度跟踪。
3bdb01f46e38,低,低,低,低,Argentina / lithium,高,该事件对供给安全为低、采购成本为低、投资机会为低、地缘风险为低，建议纳入周度跟踪。
5caded9da0c5,低,低,低,低,Argentina / lithium,高,该事件对供给安全为低、采购成本为低、投资机会为低、地缘风险为低，建议纳入周度跟踪。
65d5f0ff7106,低,低,低,低,lithium,高,该事件对供给安全为低、采购成本为低、投资机会为低、地缘风险为低，建议纳入周度跟踪。
5a9b35ce6f36,低,低,低,中,Australia / lithium,高,该事件对供给安全为低、采购成本为低、投资机会为低、地缘风险为中，建议纳入周度跟踪。
5d919bd8213a,低,低,低,低,Chile / lithium,高,该事件对供给安全为低、采购成本为低、投资机会为低、地缘风险为低，建议纳入周度跟踪。
6a78e5336991,低,低,低,低,Chile / lithium,高,该事件对供给安全为低、采购成本为低、投资机会为低、地缘风险为低，建议纳入周度跟踪。
66af4febda27,中,低,高,低,Ewoyaa / spodumene,高,相关区域项目审批进展会影响未来供给兑现，建议更新项目投产概率和资源池排序。
d3fe25198aa5,中,高,中,中,Zimbabwe / spodumene,高,该事件对供给安全为中、采购成本为高、投资机会为中、地缘风险为中，建议纳入周度跟踪。
803a44669f7c,低,低,低,中,Australia / lithium,高,该事件对供给安全为低、采购成本为低、投资机会为低、地缘风险为中，建议纳入周度跟踪。
1beb81479a8f,低,低,低,低,Chile / lithium,高,该事件对供给安全为低、采购成本为低、投资机会为低、地缘风险为低，建议纳入周度跟踪。
f1607af4568c,低,低,低,低,Chile / lithium,高,该事件对供给安全为低、采购成本为低、投资机会为低、地缘风险为低，建议纳入周度跟踪。
8fc8de668a80,中,高,中,中,Brazil / spodumene,高,该事件对供给安全为中、采购成本为高、投资机会为中、地缘风险为中，建议纳入周度跟踪。
94a29709d901,低,低,低,低,Chile / lithium,高,该事件对供给安全为低、采购成本为低、投资机会为低、地缘风险为低，建议纳入周度跟踪。
a7793e8d81ce,低,低,低,低,Zimbabwe / lithium,高,该事件对供给安全为低、采购成本为低、投资机会为低、地缘风险为低，建议纳入周度跟踪。
b85b26f130fe,中,低,高,低,lithium,高,相关区域项目审批进展会影响未来供给兑现，建议更新项目投产概率和资源池排序。
c3dd04e781cb,低,低,低,低,Chile / lithium,高,该事件对供给安全为低、采购成本为低、投资机会为低、地缘风险为低，建议纳入周度跟踪。
902b976a8069,低,低,低,低,lithium,高,该事件对供给安全为低、采购成本为低、投资机会为低、地缘风险为低，建议纳入周度跟踪。
f26ab67cb281,低,低,低,低,lithium,高,该事件对供给安全为低、采购成本为低、投资机会为低、地缘风险为低，建议纳入周度跟踪。
31de7978c73d,低,低,低,中,Australia / lithium,高,该事件对供给安全为低、采购成本为低、投资机会为低、地缘风险为中，建议纳入周度跟踪。
e9a9868771cc,低,低,低,中,Australia / lithium,高,该事件对供给安全为低、采购成本为低、投资机会为低、地缘风险为中，建议纳入周度跟踪。
2249c2911013,低,低,低,低,Argentina / lithium,高,该事件对供给安全为低、采购成本为低、投资机会为低、地缘风险为低，建议纳入周度跟踪。
a4189d428aa0,低,低,低,低,lithium,中,该事件对供给安全为低、采购成本为低、投资机会为低、地缘风险为低，建议纳入周度跟踪。
585a8f02b262,低,低,低,低,lithium,中,该事件对供给安全为低、采购成本为低、投资机会为低、地缘风险为低，建议纳入周度跟踪。
1db245bc684c,低,低,高,中,Australia / lithium,中,CC9 in MoU for potential lithium offtake - The Australian可能改变优质资源竞争格局，建议判断是否需要进入优先接触或跟踪清单。
dd8112f792ad,低,低,低,低,lithium,中,该事件对供给安全为低、采购成本为低、投资机会为低、地缘风险为低，建议纳入周度跟踪。
3aaea560c6a8,低,低,低,低,lithium,中,该事件对供给安全为低、采购成本为低、投资机会为低、地缘风险为低，建议纳入周度跟踪。
0f5277bf900c,低,低,低,低,lithium,中,该事件对供给安全为低、采购成本为低、投资机会为低、地缘风险为低，建议纳入周度跟踪。
02bc0e901c3b,低,低,低,低,lithium,中,该事件对供给安全为低、采购成本为低、投资机会为低、地缘风险为低，建议纳入周度跟踪。
ef4a927ca9a6,低,低,低,低,lithium,中,该事件对供给安全为低、采购成本为低、投资机会为低、地缘风险为低，建议纳入周度跟踪。
51100ad7c024,低,低,高,中,Australia / spodumene,中,Piedmont Lithium just took a big step closer to $623M merger with Australian firm - Charlotte Observer可能改变优质资源竞争格局，建议判断是否需要进入优先接触或跟踪清单。
5bbe7407bae3,低,低,高,低,China / lithium,中,Liontown Resources Pens Lithium Offtake Agreement with China's Canmax - Investing News Network可能改变优质资源竞争格局，建议判断是否需要进入优先接触或跟踪清单。
cf8e497128a2,低,低,高,低,Canada / lithium,中,Canada-Korea Lithium Deal: Prairie Lithium Signs Binding Offtake Backed by Canadian Government Trade Mission - The National Law Review可能改变优质资源竞争格局，建议判断是否需要进入优先接触或跟踪清单。
b1363d3f3b3f,低,低,低,低,lithium,中,该事件对供给安全为低、采购成本为低、投资机会为低、地缘风险为低，建议纳入周度跟踪。
7af1f7ca1755,低,低,低,低,brine,中,该事件对供给安全为低、采购成本为低、投资机会为低、地缘风险为低，建议纳入周度跟踪。
47817c3aad21,低,低,低,低,lithium,中,该事件对供给安全为低、采购成本为低、投资机会为低、地缘风险为低，建议纳入周度跟踪。
63d38567c2c8,低,低,高,中,United States / lithium carbonate,中,LibertyStream Announces Lithium Carbonate Offtake Milestone with U.S. Industrial Customer and Provides Operations Update - Business Wire可能改变优质资源竞争格局，建议判断是否需要进入优先接触或跟踪清单。
f5d063c97260,低,低,高,中,Australia / lithium,中,"Up 285% since June, PLS shares lifting off today on multi-year lithium offtake agreement - The Motley Fool Australia可能改变优质资源竞争格局，建议判断是否需要进入优先接触或跟踪清单。"
1be14b5f606e,低,低,低,低,lithium,中,该事件对供给安全为低、采购成本为低、投资机会为低、地缘风险为低，建议纳入周度跟踪。
36d57a202822,低,低,高,中,Australia / lithium,中,PLS strikes at perfect time with lithium offtake deal - Australian Resources & Investment可能改变优质资源竞争格局，建议判断是否需要进入优先接触或跟踪清单。
3b63d2cb9868,低,低,高,中,Australia / lithium,中,Liontown inks major lithium offtake deal as it diversifies sales approach - Australian Mining可能改变优质资源竞争格局，建议判断是否需要进入优先接触或跟踪清单。
6a3d5e38785f,低,低,低,低,lithium,中,该事件对供给安全为低、采购成本为低、投资机会为低、地缘风险为低，建议纳入周度跟踪。
97fd49ab4914,低,低,低,低,Zimbabwe / lithium,中,该事件对供给安全为低、采购成本为低、投资机会为低、地缘风险为低，建议纳入周度跟踪。
ae603637effb,低,低,低,低,lithium,中,该事件对供给安全为低、采购成本为低、投资机会为低、地缘风险为低，建议纳入周度跟踪。
28fdabadef4e,低,低,低,低,lithium,中,该事件对供给安全为低、采购成本为低、投资机会为低、地缘风险为低，建议纳入周度跟踪。
ae8d4b11a444,低,低,低,低,lithium,中,该事件对供给安全为低、采购成本为低、投资机会为低、地缘风险为低，建议纳入周度跟踪。
015f64cfee3e,低,低,高,中,Australia / spodumene,中,Canmax Spodumene Offtake Deal Transforms Australian Lithium Strategy - Discovery Alert可能改变优质资源竞争格局，建议判断是否需要进入优先接触或跟踪清单。
6882c84b51fc,低,低,低,低,lithium,中,该事件对供给安全为低、采购成本为低、投资机会为低、地缘风险为低，建议纳入周度跟踪。
43ab0184ba88,低,低,低,低,lithium,中,该事件对供给安全为低、采购成本为低、投资机会为低、地缘风险为低，建议纳入周度跟踪。
22da9f0afb41,低,低,低,中,Australia / lithium,中,该事件对供给安全为低、采购成本为低、投资机会为低、地缘风险为中，建议纳入周度跟踪。
9b99dac08584,高,高,低,低,lithium,中,该事件对供给安全为高、采购成本为高、投资机会为低、地缘风险为低，建议纳入周度跟踪。
3a4ded060353,低,低,低,低,lithium,中,该事件对供给安全为低、采购成本为低、投资机会为低、地缘风险为低，建议纳入周度跟踪。
2edf53a96950,低,低,低,低,Greenbushes / lithium,中,该事件对供给安全为低、采购成本为低、投资机会为低、地缘风险为低，建议纳入周度跟踪。
89fdeb2a43e7,低,低,低,低,lithium,中,该事件对供给安全为低、采购成本为低、投资机会为低、地缘风险为低，建议纳入周度跟踪。
f6e79f2cbb05,高,高,低,低,lithium,中,该事件对供给安全为高、采购成本为高、投资机会为低、地缘风险为低，建议纳入周度跟踪。
d51d8d662fb3,高,高,低,低,lithium,中,该事件对供给安全为高、采购成本为高、投资机会为低、地缘风险为低，建议纳入周度跟踪。
ce45b129f738,低,低,低,低,lithium,中,该事件对供给安全为低、采购成本为低、投资机会为低、地缘风险为低，建议纳入周度跟踪。
627769abbde0,高,高,低,低,lithium,中,相关区域事件可能影响资源可得性，建议立即评估替代资源、采购安全库存和项目推进节奏。
c8ebd2b6c1bd,高,高,低,低,Greenbushes / lithium,中,该事件对供给安全为高、采购成本为高、投资机会为低、地缘风险为低，建议纳入周度跟踪。
31b8c897921c,高,高,低,低,Greenbushes / lithium,中,该事件对供给安全为高、采购成本为高、投资机会为低、地缘风险为低，建议纳入周度跟踪。
395734167870,低,低,低,低,lithium,中,该事件对供给安全为低、采购成本为低、投资机会为低、地缘风险为低，建议纳入周度跟踪。
0ce342fe5bc7,低,低,低,低,Chile,中,该事件对供给安全为低、采购成本为低、投资机会为低、地缘风险为低，建议纳入周度跟踪。
0ec81e908539,低,低,低,中,United States / lithium,中,该事件对供给安全为低、采购成本为低、投资机会为低、地缘风险为中，建议纳入周度跟踪。
8f32eb6dc56b,低,低,低,中,United States / lithium,中,该事件对供给安全为低、采购成本为低、投资机会为低、地缘风险为中，建议纳入周度跟踪。
da53d7e0718e,低,低,低,中,United States / lithium,中,该事件对供给安全为低、采购成本为低、投资机会为低、地缘风险为中，建议纳入周度跟踪。
72905203cf5d,低,低,低,中,United States / lithium,中,该事件对供给安全为低、采购成本为低、投资机会为低、地缘风险为中，建议纳入周度跟踪。
0caf89bcad79,低,低,低,中,United States / lithium,中,该事件对供给安全为低、采购成本为低、投资机会为低、地缘风险为中，建议纳入周度跟踪。
732b15cc015d,低,低,低,中,United States / lithium,中,该事件对供给安全为低、采购成本为低、投资机会为低、地缘风险为中，建议纳入周度跟踪。
e32540d9df49,低,低,低,中,United States / lithium,中,该事件对供给安全为低、采购成本为低、投资机会为低、地缘风险为中，建议纳入周度跟踪。
50e0f9bc6f4a,低,低,低,中,United States / lithium,中,该事件对供给安全为低、采购成本为低、投资机会为低、地缘风险为中，建议纳入周度跟踪。
87a5c2eb51d8,低,低,低,中,United States / lithium,中,该事件对供给安全为低、采购成本为低、投资机会为低、地缘风险为中，建议纳入周度跟踪。
b1e50eee263e,中,中,中,中,lithium,中,相关区域政策变量正在改变项目经济性，建议复核税费、合规成本和投资回报假设。
cb336c01956a,中,中,中,中,lithium,中,相关区域政策变量正在改变项目经济性，建议复核税费、合规成本和投资回报假设。
fd5998e0be91,中,中,中,中,lithium,中,相关区域政策变量正在改变项目经济性，建议复核税费、合规成本和投资回报假设。
f369976f2528,高,中,低,高,Zimbabwe / lithium,中,Zimbabwe事件可能影响资源可得性，建议立即评估替代资源、采购安全库存和项目推进节奏。
af9af3c0939a,高,中,低,高,Zimbabwe / lithium,中,Zimbabwe事件可能影响资源可得性，建议立即评估替代资源、采购安全库存和项目推进节奏。
2909f7050722,高,中,低,高,Zimbabwe / lithium,中,Zimbabwe事件可能影响资源可得性，建议立即评估替代资源、采购安全库存和项目推进节奏。
d2aa014a61ae,中,低,高,中,Australia / brine,中,Australia项目审批进展会影响未来供给兑现，建议更新项目投产概率和资源池排序。
7430011ec696,中,低,高,低,Argentina / brine,中,Argentina项目审批进展会影响未来供给兑现，建议更新项目投产概率和资源池排序。
e80e8471cd2d,高,中,低,高,lithium hydroxide,中,相关区域事件可能影响资源可得性，建议立即评估替代资源、采购安全库存和项目推进节奏。
96c1b0698642,中,中,中,中,lithium,中,相关区域政策变量正在改变项目经济性，建议复核税费、合规成本和投资回报假设。
8561f1a1e3db,高,中,低,高,Zimbabwe / lithium,中,Zimbabwe事件可能影响资源可得性，建议立即评估替代资源、采购安全库存和项目推进节奏。
a21dc8742cc6,高,中,低,高,lithium,中,相关区域事件可能影响资源可得性，建议立即评估替代资源、采购安全库存和项目推进节奏。
105a347f42f0,高,中,低,高,lithium,中,相关区域事件可能影响资源可得性，建议立即评估替代资源、采购安全库存和项目推进节奏。
ec2f2aaa1ee9,高,中,低,高,lithium,中,相关区域事件可能影响资源可得性，建议立即评估替代资源、采购安全库存和项目推进节奏。
c826222168bd,高,中,低,高,lithium,中,相关区域事件可能影响资源可得性，建议立即评估替代资源、采购安全库存和项目推进节奏。
ab50dbe4b1c7,低,低,低,低,Argentina / lithium,中,该事件对供给安全为低、采购成本为低、投资机会为低、地缘风险为低，建议纳入周度跟踪。
c30f14bf95a3,中,低,高,中,Australia / brine,中,Australia项目审批进展会影响未来供给兑现，建议更新项目投产概率和资源池排序。
3689dc34b6ec,高,中,低,高,Zimbabwe / lithium,中,Zimbabwe事件可能影响资源可得性，建议立即评估替代资源、采购安全库存和项目推进节奏。
bdd104a64e50,高,中,低,高,Zimbabwe / lithium,中,Zimbabwe事件可能影响资源可得性，建议立即评估替代资源、采购安全库存和项目推进节奏。
bbac958664b7,低,低,低,低,Argentina / lithium,中,该事件对供给安全为低、采购成本为低、投资机会为低、地缘风险为低，建议纳入周度跟踪。
17eff5895f84,中,中,中,中,lithium,中,相关区域政策变量正在改变项目经济性，建议复核税费、合规成本和投资回报假设。
638f23c39902,低,高,低,低,China / LCE,中,价格异常波动会影响采购成本和套保边界，建议本周完成价格与采购节奏复盘。
ed860a3b3832,低,中,低,低,China / LCE,中,库存信号影响短期采购窗口，建议结合现货成交、仓单和排产变化调整采购节奏。
449138bb0340,低,低,低,低,lithium,中,该事件对供给安全为低、采购成本为低、投资机会为低、地缘风险为低，建议纳入周度跟踪。
87759126bffb,低,低,低,低,lithium,中,该事件对供给安全为低、采购成本为低、投资机会为低、地缘风险为低，建议纳入周度跟踪。
7b229089dcff,低,低,低,低,lithium,中,该事件对供给安全为低、采购成本为低、投资机会为低、地缘风险为低，建议纳入周度跟踪。
5eb6e2d9c67a,低,低,低,低,lithium,中,该事件对供给安全为低、采购成本为低、投资机会为低、地缘风险为低，建议纳入周度跟踪。
19977c72f70b,低,低,低,低,lithium,中,该事件对供给安全为低、采购成本为低、投资机会为低、地缘风险为低，建议纳入周度跟踪。
51f251237d32,低,低,低,低,lithium,中,该事件对供给安全为低、采购成本为低、投资机会为低、地缘风险为低，建议纳入周度跟踪。
a6f72d30888c,低,低,低,低,lithium,中,该事件对供给安全为低、采购成本为低、投资机会为低、地缘风险为低，建议纳入周度跟踪。
16847876b17b,低,低,低,低,lithium hydroxide,中,该事件对供给安全为低、采购成本为低、投资机会为低、地缘风险为低，建议纳入周度跟踪。
8150e5fdc331,低,低,低,低,lithium,中,该事件对供给安全为低、采购成本为低、投资机会为低、地缘风险为低，建议纳入周度跟踪。
58a927082091,低,低,低,低,lithium,中,该事件对供给安全为低、采购成本为低、投资机会为低、地缘风险为低，建议纳入周度跟踪。
362487af8d56,低,低,低,低,lithium,中,该事件对供给安全为低、采购成本为低、投资机会为低、地缘风险为低，建议纳入周度跟踪。
371283f01fd9,低,低,低,低,Chile / lithium,中,该事件对供给安全为低、采购成本为低、投资机会为低、地缘风险为低，建议纳入周度跟踪。
f05005f38ada,低,低,低,低,lithium,中,该事件对供给安全为低、采购成本为低、投资机会为低、地缘风险为低，建议纳入周度跟踪。
c062c554723d,低,低,低,低,lithium,中,该事件对供给安全为低、采购成本为低、投资机会为低、地缘风险为低，建议纳入周度跟踪。
274c0101ce34,低,低,低,低,lithium,中,该事件对供给安全为低、采购成本为低、投资机会为低、地缘风险为低，建议纳入周度跟踪。
c23fb82cb8ab,低,低,低,低,lithium,中,该事件对供给安全为低、采购成本为低、投资机会为低、地缘风险为低，建议纳入周度跟踪。
70bed1373e02,低,低,低,低,lithium,中,该事件对供给安全为低、采购成本为低、投资机会为低、地缘风险为低，建议纳入周度跟踪。
71ed7a81b1ad,低,低,低,低,lithium,中,该事件对供给安全为低、采购成本为低、投资机会为低、地缘风险为低，建议纳入周度跟踪。
01ded1e730dd,低,低,低,低,lithium,中,该事件对供给安全为低、采购成本为低、投资机会为低、地缘风险为低，建议纳入周度跟踪。
f8bb83bdccdc,低,低,低,低,lithium,中,该事件对供给安全为低、采购成本为低、投资机会为低、地缘风险为低，建议纳入周度跟踪。
3314c58731a4,低,低,低,低,lithium,中,该事件对供给安全为低、采购成本为低、投资机会为低、地缘风险为低，建议纳入周度跟踪。
c1d49bade513,低,低,低,低,lithium,中,该事件对供给安全为低、采购成本为低、投资机会为低、地缘风险为低，建议纳入周度跟踪。
0feb18afc0a1,低,低,低,低,lithium,中,该事件对供给安全为低、采购成本为低、投资机会为低、地缘风险为低，建议纳入周度跟踪。
aab4288b908e,低,低,低,低,lithium,中,该事件对供给安全为低、采购成本为低、投资机会为低、地缘风险为低，建议纳入周度跟踪。
05ffb6ed45d9,低,低,低,低,lithium,中,该事件对供给安全为低、采购成本为低、投资机会为低、地缘风险为低，建议纳入周度跟踪。
308c68dee1ca,低,低,低,低,lithium,中,该事件对供给安全为低、采购成本为低、投资机会为低、地缘风险为低，建议纳入周度跟踪。
08547616d1dc,低,低,低,低,lithium,中,该事件对供给安全为低、采购成本为低、投资机会为低、地缘风险为低，建议纳入周度跟踪。
d925f659b53b,高,高,低,低,lithium,中,该事件对供给安全为高、采购成本为高、投资机会为低、地缘风险为低，建议纳入周度跟踪。
4c6ba9118548,低,低,低,低,lithium,中,该事件对供给安全为低、采购成本为低、投资机会为低、地缘风险为低，建议纳入周度跟踪。
1a5fe9515218,低,低,低,低,lithium hydroxide,中,该事件对供给安全为低、采购成本为低、投资机会为低、地缘风险为低，建议纳入周度跟踪。
08721dd4fd86,高,高,低,低,lithium,中,该事件对供给安全为高、采购成本为高、投资机会为低、地缘风险为低，建议纳入周度跟踪。
d70ec8800fac,低,低,低,低,lithium,中,该事件对供给安全为低、采购成本为低、投资机会为低、地缘风险为低，建议纳入周度跟踪。
14d05e7e8efd,低,低,低,低,lithium,中,该事件对供给安全为低、采购成本为低、投资机会为低、地缘风险为低，建议纳入周度跟踪。
2f8339f3c83e,低,低,低,低,lithium,中,该事件对供给安全为低、采购成本为低、投资机会为低、地缘风险为低，建议纳入周度跟踪。
5dba0a78db0e,低,低,低,低,lithium,中,该事件对供给安全为低、采购成本为低、投资机会为低、地缘风险为低，建议纳入周度跟踪。
ea8095716aa0,低,低,低,低,lithium,中,该事件对供给安全为低、采购成本为低、投资机会为低、地缘风险为低，建议纳入周度跟踪。
15858b5a9dfd,低,低,低,低,lithium,中,该事件对供给安全为低、采购成本为低、投资机会为低、地缘风险为低，建议纳入周度跟踪。
e580aa585d10,低,低,低,低,lithium,中,该事件对供给安全为低、采购成本为低、投资机会为低、地缘风险为低，建议纳入周度跟踪。
3227a0a7f39a,低,低,低,低,lithium,中,该事件对供给安全为低、采购成本为低、投资机会为低、地缘风险为低，建议纳入周度跟踪。
d2e413a64e7a,低,低,低,低,lithium,中,该事件对供给安全为低、采购成本为低、投资机会为低、地缘风险为低，建议纳入周度跟踪。
a85b19afaa56,低,低,低,低,lithium,中,该事件对供给安全为低、采购成本为低、投资机会为低、地缘风险为低，建议纳入周度跟踪。
36e6bac9bcce,低,低,低,低,lithium hydroxide,中,该事件对供给安全为低、采购成本为低、投资机会为低、地缘风险为低，建议纳入周度跟踪。
ddbef700a83f,低,低,低,低,lithium,中,该事件对供给安全为低、采购成本为低、投资机会为低、地缘风险为低，建议纳入周度跟踪。
b4ad9ff71153,低,低,低,低,Chile / lithium,中,该事件对供给安全为低、采购成本为低、投资机会为低、地缘风险为低，建议纳入周度跟踪。
676978f4ed89,低,低,低,低,lithium,中,该事件对供给安全为低、采购成本为低、投资机会为低、地缘风险为低，建议纳入周度跟踪。
a916ed61688f,低,低,低,中,Australia / Greenbushes / lithium,中,该事件对供给安全为低、采购成本为低、投资机会为低、地缘风险为中，建议纳入周度跟踪。
b52ff03f4372,低,低,低,低,lithium,中,该事件对供给安全为低、采购成本为低、投资机会为低、地缘风险为低，建议纳入周度跟踪。
f625ff55f628,低,低,低,低,lithium,中,该事件对供给安全为低、采购成本为低、投资机会为低、地缘风险为低，建议纳入周度跟踪。
60b0426a6c57,低,低,低,低,lithium,中,该事件对供给安全为低、采购成本为低、投资机会为低、地缘风险为低，建议纳入周度跟踪。
3b061428c5b0,低,低,低,低,lithium hydroxide,中,该事件对供给安全为低、采购成本为低、投资机会为低、地缘风险为低，建议纳入周度跟踪。
5f66734bab62,低,低,低,低,lithium,中,该事件对供给安全为低、采购成本为低、投资机会为低、地缘风险为低，建议纳入周度跟踪。
3700b9fb8483,低,低,低,低,lithium,中,该事件对供给安全为低、采购成本为低、投资机会为低、地缘风险为低，建议纳入周度跟踪。
4b387608f8ff,低,低,低,低,lithium,中,该事件对供给安全为低、采购成本为低、投资机会为低、地缘风险为低，建议纳入周度跟踪。
408e6a31f286,低,低,低,低,lithium,中,该事件对供给安全为低、采购成本为低、投资机会为低、地缘风险为低，建议纳入周度跟踪。
c293da53dc16,低,低,低,低,lithium,中,该事件对供给安全为低、采购成本为低、投资机会为低、地缘风险为低，建议纳入周度跟踪。
44696eb3281d,低,低,低,低,lithium,中,该事件对供给安全为低、采购成本为低、投资机会为低、地缘风险为低，建议纳入周度跟踪。
375a753c0842,低,低,低,低,Zimbabwe / lithium,中,该事件对供给安全为低、采购成本为低、投资机会为低、地缘风险为低，建议纳入周度跟踪。
ae204bca70b8,低,低,低,低,lithium,中,该事件对供给安全为低、采购成本为低、投资机会为低、地缘风险为低，建议纳入周度跟踪。
75ef10b1b9a8,低,低,低,低,lithium,中,该事件对供给安全为低、采购成本为低、投资机会为低、地缘风险为低，建议纳入周度跟踪。
e6930a5fdd8a,低,低,低,低,lithium,中,该事件对供给安全为低、采购成本为低、投资机会为低、地缘风险为低，建议纳入周度跟踪。
b5de5c969ece,低,低,低,低,lithium,中,该事件对供给安全为低、采购成本为低、投资机会为低、地缘风险为低，建议纳入周度跟踪。
ed654102717b,低,低,低,低,lithium,中,该事件对供给安全为低、采购成本为低、投资机会为低、地缘风险为低，建议纳入周度跟踪。
37715d5ac6c1,低,低,低,低,lithium,中,该事件对供给安全为低、采购成本为低、投资机会为低、地缘风险为低，建议纳入周度跟踪。
896981f98827,低,低,低,低,lithium,中,该事件对供给安全为低、采购成本为低、投资机会为低、地缘风险为低，建议纳入周度跟踪。
da4ad23c4c03,低,低,低,低,lithium,中,该事件对供给安全为低、采购成本为低、投资机会为低、地缘风险为低，建议纳入周度跟踪。
77168f376583,低,低,低,低,lithium,中,该事件对供给安全为低、采购成本为低、投资机会为低、地缘风险为低，建议纳入周度跟踪。
753e9a410390,低,低,低,低,lithium hydroxide,中,该事件对供给安全为低、采购成本为低、投资机会为低、地缘风险为低，建议纳入周度跟踪。
c56b2f319b19,低,低,低,低,lithium,中,该事件对供给安全为低、采购成本为低、投资机会为低、地缘风险为低，建议纳入周度跟踪。
b6c364c7a24b,低,低,低,低,lithium,中,该事件对供给安全为低、采购成本为低、投资机会为低、地缘风险为低，建议纳入周度跟踪。
dceb66b27101,高,高,低,低,lithium,中,相关区域事件可能影响资源可得性，建议立即评估替代资源、采购安全库存和项目推进节奏。
a0c58aa463f2,低,低,低,低,lithium,中,该事件对供给安全为低、采购成本为低、投资机会为低、地缘风险为低，建议纳入周度跟踪。
ab1a104d5c7f,低,低,低,低,lithium,中,该事件对供给安全为低、采购成本为低、投资机会为低、地缘风险为低，建议纳入周度跟踪。
79fb4683cde6,低,低,低,低,lithium,中,该事件对供给安全为低、采购成本为低、投资机会为低、地缘风险为低，建议纳入周度跟踪。
c40f04eb4a42,低,低,低,低,lithium,中,该事件对供给安全为低、采购成本为低、投资机会为低、地缘风险为低，建议纳入周度跟踪。
de7cebab3cd2,低,低,低,低,Zimbabwe / lithium,中,该事件对供给安全为低、采购成本为低、投资机会为低、地缘风险为低，建议纳入周度跟踪。
e87cd0c976b0,低,低,低,低,lithium,中,该事件对供给安全为低、采购成本为低、投资机会为低、地缘风险为低，建议纳入周度跟踪。
df6b0b82b69e,低,低,低,低,lithium,中,该事件对供给安全为低、采购成本为低、投资机会为低、地缘风险为低，建议纳入周度跟踪。
6ff5371b7bab,低,低,低,低,lithium,中,该事件对供给安全为低、采购成本为低、投资机会为低、地缘风险为低，建议纳入周度跟踪。
bea4213829fa,低,低,低,低,Ewoyaa / lithium,中,该事件对供给安全为低、采购成本为低、投资机会为低、地缘风险为低，建议纳入周度跟踪。
d32f79ca054d,低,低,低,低,lithium,中,该事件对供给安全为低、采购成本为低、投资机会为低、地缘风险为低，建议纳入周度跟踪。
dbf7c20f81e8,低,低,低,低,lithium,中,该事件对供给安全为低、采购成本为低、投资机会为低、地缘风险为低，建议纳入周度跟踪。
89de39bfe651,低,低,低,低,lithium,中,该事件对供给安全为低、采购成本为低、投资机会为低、地缘风险为低，建议纳入周度跟踪。
48184c3b7fea,低,低,低,低,brine,中,该事件对供给安全为低、采购成本为低、投资机会为低、地缘风险为低，建议纳入周度跟踪。
5d100e7e70bb,低,低,低,低,lithium,中,该事件对供给安全为低、采购成本为低、投资机会为低、地缘风险为低，建议纳入周度跟踪。
b338973bc39b,低,低,低,低,lithium,中,该事件对供给安全为低、采购成本为低、投资机会为低、地缘风险为低，建议纳入周度跟踪。
4aa126ae1dae,低,低,低,低,lithium,中,该事件对供给安全为低、采购成本为低、投资机会为低、地缘风险为低，建议纳入周度跟踪。
fa0702fce847,低,低,低,低,lithium,中,该事件对供给安全为低、采购成本为低、投资机会为低、地缘风险为低，建议纳入周度跟踪。
23028070e1c3,低,低,低,低,lithium,中,该事件对供给安全为低、采购成本为低、投资机会为低、地缘风险为低，建议纳入周度跟踪。
a344c3094690,高,高,低,低,lithium,中,相关区域事件可能影响资源可得性，建议立即评估替代资源、采购安全库存和项目推进节奏。
d09fc1a7e904,低,低,低,低,lithium,中,该事件对供给安全为低、采购成本为低、投资机会为低、地缘风险为低，建议纳入周度跟踪。
9f0a0776de04,低,低,低,低,lithium,中,该事件对供给安全为低、采购成本为低、投资机会为低、地缘风险为低，建议纳入周度跟踪。
a78463e67c19,低,低,低,低,Zimbabwe / lithium,中,该事件对供给安全为低、采购成本为低、投资机会为低、地缘风险为低，建议纳入周度跟踪。
8dac2bc466cd,低,低,低,低,lithium,中,该事件对供给安全为低、采购成本为低、投资机会为低、地缘风险为低，建议纳入周度跟踪。
1d806bfee56a,低,低,低,低,Argentina / lithium,中,该事件对供给安全为低、采购成本为低、投资机会为低、地缘风险为低，建议纳入周度跟踪。
cb7cb69e5c3a,低,低,低,低,lithium,中,该事件对供给安全为低、采购成本为低、投资机会为低、地缘风险为低，建议纳入周度跟踪。
9e54692679a3,低,低,低,低,lithium,中,该事件对供给安全为低、采购成本为低、投资机会为低、地缘风险为低，建议纳入周度跟踪。
cc51155344e8,低,低,低,低,spodumene,中,该事件对供给安全为低、采购成本为低、投资机会为低、地缘风险为低，建议纳入周度跟踪。
a7512f62699c,低,低,低,低,lithium,中,该事件对供给安全为低、采购成本为低、投资机会为低、地缘风险为低，建议纳入周度跟踪。
6b007e97a0a5,低,低,低,低,Thacker Pass / lithium,中,该事件对供给安全为低、采购成本为低、投资机会为低、地缘风险为低，建议纳入周度跟踪。
35581c790ad6,低,低,低,低,lithium,中,该事件对供给安全为低、采购成本为低、投资机会为低、地缘风险为低，建议纳入周度跟踪。
5a494f0fd584,低,低,低,低,lithium,中,该事件对供给安全为低、采购成本为低、投资机会为低、地缘风险为低，建议纳入周度跟踪。
93fcd85c3fa6,低,低,低,低,lithium,中,该事件对供给安全为低、采购成本为低、投资机会为低、地缘风险为低，建议纳入周度跟踪。
8e37ec5aab66,低,低,低,低,lithium,中,该事件对供给安全为低、采购成本为低、投资机会为低、地缘风险为低，建议纳入周度跟踪。
af4460f6f621,高,高,低,低,lithium,中,相关区域事件可能影响资源可得性，建议立即评估替代资源、采购安全库存和项目推进节奏。
c2edb3fe98b2,高,高,低,低,lithium,中,相关区域事件可能影响资源可得性，建议立即评估替代资源、采购安全库存和项目推进节奏。
2dafacc3fe2a,低,低,低,低,Zimbabwe / lithium,中,该事件对供给安全为低、采购成本为低、投资机会为低、地缘风险为低，建议纳入周度跟踪。
2c3e95ac59b6,低,低,低,低,lithium,中,该事件对供给安全为低、采购成本为低、投资机会为低、地缘风险为低，建议纳入周度跟踪。
94cf58f0ba38,低,低,低,低,lithium,中,该事件对供给安全为低、采购成本为低、投资机会为低、地缘风险为低，建议纳入周度跟踪。
3c3923fe14e5,低,低,低,低,Argentina / lithium,中,该事件对供给安全为低、采购成本为低、投资机会为低、地缘风险为低，建议纳入周度跟踪。
dbfe06ff4a9f,低,低,低,低,lithium,中,该事件对供给安全为低、采购成本为低、投资机会为低、地缘风险为低，建议纳入周度跟踪。
edead95b3721,低,低,高,低,Kathleen Valley / lithium,中,Liontown signs another Kathleen Valley offtake deal - Mining Weekly可能改变优质资源竞争格局，建议判断是否需要进入优先接触或跟踪清单。
6f79d7c77ee9,高,高,低,低,lithium,中,相关区域事件可能影响资源可得性，建议立即评估替代资源、采购安全库存和项目推进节奏。
7b08da8354bf,低,低,低,低,lithium,中,该事件对供给安全为低、采购成本为低、投资机会为低、地缘风险为低，建议纳入周度跟踪。
486141cd4c52,低,低,低,低,lithium,中,该事件对供给安全为低、采购成本为低、投资机会为低、地缘风险为低，建议纳入周度跟踪。
d4b6a6f4d83d,低,低,低,低,lithium,中,该事件对供给安全为低、采购成本为低、投资机会为低、地缘风险为低，建议纳入周度跟踪。
318e40dcbf88,低,低,低,低,lithium,中,该事件对供给安全为低、采购成本为低、投资机会为低、地缘风险为低，建议纳入周度跟踪。
cf456be43286,低,低,低,低,lithium,中,该事件对供给安全为低、采购成本为低、投资机会为低、地缘风险为低，建议纳入周度跟踪。
ee538e12a8c0,低,低,低,低,lithium,中,该事件对供给安全为低、采购成本为低、投资机会为低、地缘风险为低，建议纳入周度跟踪。
edadfd9c0cf1,低,低,低,低,lithium,中,该事件对供给安全为低、采购成本为低、投资机会为低、地缘风险为低，建议纳入周度跟踪。
1e9313ef5746,低,低,低,低,lithium,中,该事件对供给安全为低、采购成本为低、投资机会为低、地缘风险为低，建议纳入周度跟踪。
21e2245ce8b3,低,低,低,低,lithium,中,该事件对供给安全为低、采购成本为低、投资机会为低、地缘风险为低，建议纳入周度跟踪。
24942a9fc103,低,低,低,低,lithium,中,该事件对供给安全为低、采购成本为低、投资机会为低、地缘风险为低，建议纳入周度跟踪。
932f87807688,低,低,低,低,lithium,中,该事件对供给安全为低、采购成本为低、投资机会为低、地缘风险为低，建议纳入周度跟踪。
26cf675f57ab,高,高,低,低,lithium,中,相关区域事件可能影响资源可得性，建议立即评估替代资源、采购安全库存和项目推进节奏。
68f9820e43ce,低,低,低,低,lithium,中,该事件对供给安全为低、采购成本为低、投资机会为低、地缘风险为低，建议纳入周度跟踪。
1e18f1057a52,低,低,低,低,lithium,中,该事件对供给安全为低、采购成本为低、投资机会为低、地缘风险为低，建议纳入周度跟踪。
7ee92713074b,低,低,低,低,lithium,中,该事件对供给安全为低、采购成本为低、投资机会为低、地缘风险为低，建议纳入周度跟踪。
29df1bad82fc,低,低,低,低,lithium,中,该事件对供给安全为低、采购成本为低、投资机会为低、地缘风险为低，建议纳入周度跟踪。
e38bfddb2db3,低,低,低,低,lithium,中,该事件对供给安全为低、采购成本为低、投资机会为低、地缘风险为低，建议纳入周度跟踪。
ca9296165647,高,高,低,低,lithium,中,相关区域事件可能影响资源可得性，建议立即评估替代资源、采购安全库存和项目推进节奏。
14006aa42a02,低,低,低,低,lithium,中,该事件对供给安全为低、采购成本为低、投资机会为低、地缘风险为低，建议纳入周度跟踪。
b328caad8f3b,低,低,低,低,lithium,中,该事件对供给安全为低、采购成本为低、投资机会为低、地缘风险为低，建议纳入周度跟踪。
7ae8ae076623,低,低,低,低,lithium,中,该事件对供给安全为低、采购成本为低、投资机会为低、地缘风险为低，建议纳入周度跟踪。
44be356bba37,低,低,低,低,lithium,中,该事件对供给安全为低、采购成本为低、投资机会为低、地缘风险为低，建议纳入周度跟踪。
7856031a266d,低,低,低,低,lithium,中,该事件对供给安全为低、采购成本为低、投资机会为低、地缘风险为低，建议纳入周度跟踪。
5ca7feee1b37,低,低,低,低,lithium,中,该事件对供给安全为低、采购成本为低、投资机会为低、地缘风险为低，建议纳入周度跟踪。
f6b4ef26b391,低,低,低,低,lithium,中,该事件对供给安全为低、采购成本为低、投资机会为低、地缘风险为低，建议纳入周度跟踪。
5e50a720125a,低,低,低,低,spodumene,中,该事件对供给安全为低、采购成本为低、投资机会为低、地缘风险为低，建议纳入周度跟踪。
e0a2a0a44131,低,低,低,低,lithium,中,该事件对供给安全为低、采购成本为低、投资机会为低、地缘风险为低，建议纳入周度跟踪。
3b747e8d96ab,低,低,低,低,lithium,中,该事件对供给安全为低、采购成本为低、投资机会为低、地缘风险为低，建议纳入周度跟踪。
a4fe1fa9dece,高,高,低,低,lithium,中,相关区域事件可能影响资源可得性，建议立即评估替代资源、采购安全库存和项目推进节奏。
fb38691ce67a,低,低,低,低,lithium,中,该事件对供给安全为低、采购成本为低、投资机会为低、地缘风险为低，建议纳入周度跟踪。
d963573fc1b4,低,低,低,低,lithium,中,该事件对供给安全为低、采购成本为低、投资机会为低、地缘风险为低，建议纳入周度跟踪。
da677fbf6f96,低,低,低,低,lithium,中,该事件对供给安全为低、采购成本为低、投资机会为低、地缘风险为低，建议纳入周度跟踪。
c44de751cbf1,低,低,低,低,lithium,中,该事件对供给安全为低、采购成本为低、投资机会为低、地缘风险为低，建议纳入周度跟踪。
2f7b06cfde7f,低,低,低,低,lithium,中,该事件对供给安全为低、采购成本为低、投资机会为低、地缘风险为低，建议纳入周度跟踪。
54361b8a9e5b,低,低,低,低,lithium,中,该事件对供给安全为低、采购成本为低、投资机会为低、地缘风险为低，建议纳入周度跟踪。
58d75c6f5953,低,低,低,低,lithium,中,该事件对供给安全为低、采购成本为低、投资机会为低、地缘风险为低，建议纳入周度跟踪。
17c51bba4009,低,低,低,低,lithium,中,该事件对供给安全为低、采购成本为低、投资机会为低、地缘风险为低，建议纳入周度跟踪。
f3793377b712,低,低,低,低,lithium,中,该事件对供给安全为低、采购成本为低、投资机会为低、地缘风险为低，建议纳入周度跟踪。
8a3ecdb446a6,低,低,低,低,spodumene,中,该事件对供给安全为低、采购成本为低、投资机会为低、地缘风险为低，建议纳入周度跟踪。
82156821364f,低,低,低,低,lithium,中,该事件对供给安全为低、采购成本为低、投资机会为低、地缘风险为低，建议纳入周度跟踪。
a68ef90c5c18,低,低,低,低,lithium,中,该事件对供给安全为低、采购成本为低、投资机会为低、地缘风险为低，建议纳入周度跟踪。
069d84b7deab,低,低,低,低,lithium,中,该事件对供给安全为低、采购成本为低、投资机会为低、地缘风险为低，建议纳入周度跟踪。
90cd1ef3f0e5,高,高,低,低,lithium,中,相关区域事件可能影响资源可得性，建议立即评估替代资源、采购安全库存和项目推进节奏。
fc78ac8a5eb7,低,低,低,低,lithium,中,该事件对供给安全为低、采购成本为低、投资机会为低、地缘风险为低，建议纳入周度跟踪。
bf8fab797b47,低,低,低,低,brine,中,该事件对供给安全为低、采购成本为低、投资机会为低、地缘风险为低，建议纳入周度跟踪。
c3cff362227c,低,低,低,低,spodumene,中,该事件对供给安全为低、采购成本为低、投资机会为低、地缘风险为低，建议纳入周度跟踪。
c10857a6446c,低,低,高,低,lithium,中,T5 Smackover Partners signs offtake agreement for geothermal lithium in Texas - ThinkGeoEnergy可能改变优质资源竞争格局，建议判断是否需要进入优先接触或跟踪清单。
43ba48e82d83,低,低,低,低,lithium,中,该事件对供给安全为低、采购成本为低、投资机会为低、地缘风险为低，建议纳入周度跟踪。
6a869c17ab7b,低,低,低,低,lithium,中,该事件对供给安全为低、采购成本为低、投资机会为低、地缘风险为低，建议纳入周度跟踪。
ff5a68913240,低,低,低,低,lithium,中,该事件对供给安全为低、采购成本为低、投资机会为低、地缘风险为低，建议纳入周度跟踪。
b2f3441db2f1,低,低,低,低,lithium,中,该事件对供给安全为低、采购成本为低、投资机会为低、地缘风险为低，建议纳入周度跟踪。
521084efe2d9,低,低,低,低,lithium,中,该事件对供给安全为低、采购成本为低、投资机会为低、地缘风险为低，建议纳入周度跟踪。
db4a12c1683a,低,低,低,低,lithium,中,该事件对供给安全为低、采购成本为低、投资机会为低、地缘风险为低，建议纳入周度跟踪。
e5252c2d5486,低,低,低,低,lithium,中,该事件对供给安全为低、采购成本为低、投资机会为低、地缘风险为低，建议纳入周度跟踪。
13737b329bf8,低,低,低,低,lithium,中,该事件对供给安全为低、采购成本为低、投资机会为低、地缘风险为低，建议纳入周度跟踪。
0d4d318459a2,低,低,低,低,lithium,中,该事件对供给安全为低、采购成本为低、投资机会为低、地缘风险为低，建议纳入周度跟踪。
23949bfa32de,低,低,低,低,lithium,中,该事件对供给安全为低、采购成本为低、投资机会为低、地缘风险为低，建议纳入周度跟踪。
1065ed9561be,低,低,低,低,lithium,中,该事件对供给安全为低、采购成本为低、投资机会为低、地缘风险为低，建议纳入周度跟踪。
0bec0fd9beae,低,低,低,低,lithium,中,该事件对供给安全为低、采购成本为低、投资机会为低、地缘风险为低，建议纳入周度跟踪。
67dcc31e1471,低,低,低,低,spodumene,中,该事件对供给安全为低、采购成本为低、投资机会为低、地缘风险为低，建议纳入周度跟踪。
883102d9ee4c,低,低,低,中,Australia / Greenbushes / spodumene,中,该事件对供给安全为低、采购成本为低、投资机会为低、地缘风险为中，建议纳入周度跟踪。
6663b38333d7,中,高,中,中,spodumene,低,该事件对供给安全为中、采购成本为高、投资机会为中、地缘风险为中，建议纳入周度跟踪。
2587e35dee8a,中,高,中,中,Australia / spodumene,低,该事件对供给安全为中、采购成本为高、投资机会为中、地缘风险为中，建议纳入周度跟踪。
b90c2386c29c,中,高,中,中,spodumene,低,该事件对供给安全为中、采购成本为高、投资机会为中、地缘风险为中，建议纳入周度跟踪。
0dae4831f765,中,高,中,中,spodumene,低,该事件对供给安全为中、采购成本为高、投资机会为中、地缘风险为中，建议纳入周度跟踪。
34324c8846a8,中,高,中,中,spodumene,低,该事件对供给安全为中、采购成本为高、投资机会为中、地缘风险为中，建议纳入周度跟踪。
a56f2c5a354a,中,高,中,中,spodumene,低,该事件对供给安全为中、采购成本为高、投资机会为中、地缘风险为中，建议纳入周度跟踪。
38677548f4fe,中,高,中,中,Zimbabwe / spodumene,低,该事件对供给安全为中、采购成本为高、投资机会为中、地缘风险为中，建议纳入周度跟踪。
5f17bc5907ea,中,中,中,中,brine,低,相关区域政策变量正在改变项目经济性，建议复核税费、合规成本和投资回报假设。
aaad4446a44c,中,中,中,中,brine,低,相关区域政策变量正在改变项目经济性，建议复核税费、合规成本和投资回报假设。
c0dc2f02e574,中,低,高,低,Hombre Muerto / brine,低,相关区域项目审批进展会影响未来供给兑现，建议更新项目投产概率和资源池排序。
6a4b1f42d92c,中,中,中,中,lithium,低,相关区域政策变量正在改变项目经济性，建议复核税费、合规成本和投资回报假设。
5e560db862b9,中,中,中,中,lithium,低,相关区域政策变量正在改变项目经济性，建议复核税费、合规成本和投资回报假设。
f964aa5462bc,中,中,中,中,lithium,低,相关区域政策变量正在改变项目经济性，建议复核税费、合规成本和投资回报假设。
8d99db195174,中,高,中,中,lithium,低,该事件对供给安全为中、采购成本为高、投资机会为中、地缘风险为中，建议纳入周度跟踪。
a6092b602a80,中,中,中,中,lithium,低,相关区域政策变量正在改变项目经济性，建议复核税费、合规成本和投资回报假设。
94b87a8a1b81,中,中,中,中,lithium,低,相关区域政策变量正在改变项目经济性，建议复核税费、合规成本和投资回报假设。
d3254fdb4b0e,中,中,中,中,brine,低,相关区域政策变量正在改变项目经济性，建议复核税费、合规成本和投资回报假设。
6ca58ddb9242,中,中,中,中,lithium,低,相关区域政策变量正在改变项目经济性，建议复核税费、合规成本和投资回报假设。
45a351033067,中,中,中,中,brine,低,相关区域政策变量正在改变项目经济性，建议复核税费、合规成本和投资回报假设。
cab587535045,中,中,中,中,brine,低,相关区域政策变量正在改变项目经济性，建议复核税费、合规成本和投资回报假设。
894332296a95,中,中,中,中,brine,低,相关区域政策变量正在改变项目经济性，建议复核税费、合规成本和投资回报假设。
4d90682ee2a2,中,中,中,中,lithium,低,相关区域政策变量正在改变项目经济性，建议复核税费、合规成本和投资回报假设。
f6d1d0a9083d,中,中,中,中,lithium,低,相关区域政策变量正在改变项目经济性，建议复核税费、合规成本和投资回报假设。
1a0c4fff9b7f,中,中,中,中,lithium,低,相关区域政策变量正在改变项目经济性，建议复核税费、合规成本和投资回报假设。
61970241a41c,中,中,中,中,lithium,低,相关区域政策变量正在改变项目经济性，建议复核税费、合规成本和投资回报假设。
41c50de06d51,低,低,低,低,Argentina / lithium,低,该事件对供给安全为低、采购成本为低、投资机会为低、地缘风险为低，建议纳入周度跟踪。
1d45a66647ee,中,中,中,中,lithium,低,相关区域政策变量正在改变项目经济性，建议复核税费、合规成本和投资回报假设。
242e7fe06ea3,低,低,低,低,Argentina / lithium,低,该事件对供给安全为低、采购成本为低、投资机会为低、地缘风险为低，建议纳入周度跟踪。
bdd8c6712d85,低,低,低,低,Argentina / lithium,低,该事件对供给安全为低、采购成本为低、投资机会为低、地缘风险为低，建议纳入周度跟踪。
13a83d800a58,中,中,中,中,lithium,低,相关区域政策变量正在改变项目经济性，建议复核税费、合规成本和投资回报假设。
84f5591d5266,中,中,中,中,lithium,低,相关区域政策变量正在改变项目经济性，建议复核税费、合规成本和投资回报假设。
7d90ca1028dd,低,低,低,低,lithium,低,该事件对供给安全为低、采购成本为低、投资机会为低、地缘风险为低，建议纳入周度跟踪。
4ecfa1c06aec,低,低,低,低,lithium,低,该事件对供给安全为低、采购成本为低、投资机会为低、地缘风险为低，建议纳入周度跟踪。
58baf939fa3a,低,低,低,低,lithium,低,该事件对供给安全为低、采购成本为低、投资机会为低、地缘风险为低，建议纳入周度跟踪。
